length,net_charge,% Hydrophobe,Boman Index
33.0,4.0,54.0,0.23
34.0,4.0,23.0,1.19
54.0,6.0,33.0,1.95
49.0,5.0,36.0,2.43
34.0,1.0,50.0,0.55
18.0,4.0,16.0,2.97
18.0,4.0,16.0,2.97
12.0,4.0,66.0,2.52
43.0,9.0,27.0,2.0
60.0,17.0,20.0,3.29
37.0,2.0,51.0,1.46
13.0,1.0,53.0,-0.02
13.0,1.0,53.0,0.12
16.0,2.0,56.0,-1.01
16.0,2.0,56.0,-1.01
16.0,2.0,56.0,-1.01
16.0,2.0,56.0,-1.06
16.0,2.0,56.0,-0.89
16.0,2.0,56.0,-1.06
17.0,2.0,52.0,-0.59
17.0,2.0,52.0,-0.34
17.0,2.0,52.0,-0.47
97.0,4.0,35.0,2.44
12.0,3.0,16.0,0.84
13.0,4.0,15.0,1.13
25.0,8.0,48.0,2.75
21.0,-1.0,57.0,6.18
21.0,-1.0,61.0,-0.94
17.0,8.0,47.0,1.12
21.0,5.0,28.0,2.84
44.0,2.0,36.0,1.74
37.0,2.0,48.0,1.46
37.0,2.0,51.0,1.43
36.0,2.0,52.0,1.5
26.0,6.0,42.0,0.81
38.0,6.0,44.0,1.55
40.0,10.0,40.0,2.69
42.0,10.0,38.0,2.68
41.0,8.0,43.0,2.43
42.0,6.0,42.0,1.92
42.0,10.0,38.0,2.44
40.0,10.0,40.0,2.6
38.0,9.0,42.0,2.36
40.0,9.0,42.0,2.34
40.0,8.0,42.0,2.18
38.0,7.0,39.0,1.78
38.0,6.0,42.0,1.28
42.0,6.0,40.0,1.18
24.0,3.0,50.0,-0.2
27.0,3.0,48.0,-0.11
27.0,4.0,48.0,-0.11
25.0,3.0,52.0,-0.52
25.0,2.0,52.0,-0.6
27.0,3.0,48.0,-0.27
21.0,2.0,52.0,-1.84
21.0,3.0,52.0,-1.97
21.0,2.0,52.0,-1.97
27.0,4.0,40.0,0.05
27.0,4.0,40.0,-0.03
27.0,4.0,40.0,-0.02
27.0,4.0,51.0,-0.51
27.0,3.0,44.0,-0.07
20.0,2.0,55.0,-1.75
20.0,0.0,50.0,-1.16
20.0,0.0,50.0,-0.95
17.0,4.0,58.0,-0.77
17.0,3.0,52.0,-0.07
17.0,3.0,64.0,-0.85
17.0,3.0,58.0,-0.45
17.0,2.0,58.0,-1.63
24.0,4.0,62.0,-0.36
23.0,2.0,60.0,0.27
24.0,4.0,62.0,-0.48
24.0,4.0,66.0,-1.19
33.0,3.0,48.0,0.02
33.0,3.0,48.0,0.37
33.0,4.0,45.0,0.32
34.0,4.0,44.0,0.53
29.0,3.0,44.0,0.75
46.0,6.0,41.0,0.98
46.0,5.0,43.0,0.62
46.0,5.0,43.0,0.62
37.0,5.0,51.0,-0.32
37.0,5.0,51.0,-0.21
33.0,6.0,51.0,0.25
33.0,4.0,51.0,0.56
33.0,4.0,51.0,0.44
37.0,4.0,45.0,0.35
24.0,4.0,62.0,-0.75
24.0,2.0,62.0,-1.26
33.0,3.0,45.0,0.43
33.0,5.0,48.0,0.43
37.0,4.0,45.0,0.45
13.0,2.0,61.0,-1.54
13.0,2.0,61.0,-1.83
13.0,1.0,61.0,-2.15
13.0,1.0,61.0,-1.74
13.0,2.0,61.0,-2.26
13.0,2.0,61.0,-1.14
10.0,2.0,60.0,-1.39
13.0,3.0,61.0,-0.12
21.0,6.0,28.0,2.81
45.0,5.0,42.0,2.62
13.0,2.0,69.0,-2.24
13.0,2.0,69.0,-2.25
13.0,2.0,69.0,-1.91
13.0,2.0,69.0,-1.85
13.0,2.0,69.0,-1.91
13.0,2.0,69.0,-2.28
14.0,3.0,57.0,-0.4
14.0,3.0,64.0,-1.88
13.0,2.0,61.0,-2.26
33.0,5.0,45.0,0.53
25.0,4.0,52.0,-0.05
31.0,3.0,45.0,0.27
32.0,3.0,40.0,0.34
24.0,4.0,62.0,-0.36
32.0,4.0,46.0,0.39
32.0,4.0,50.0,0.01
28.0,3.0,50.0,0.22
28.0,3.0,46.0,0.78
25.0,4.0,52.0,-0.13
27.0,4.0,48.0,-0.31
31.0,3.0,48.0,0.13
37.0,8.0,48.0,0.86
36.0,8.0,41.0,0.53
35.0,6.0,48.0,1.42
35.0,7.0,48.0,0.88
39.0,5.0,41.0,1.93
39.0,5.0,41.0,1.91
36.0,2.0,50.0,1.36
39.0,5.0,43.0,1.79
35.0,7.0,37.0,0.64
31.0,5.0,35.0,1.85
39.0,5.0,41.0,1.49
13.0,3.0,69.0,-1.17
35.0,8.0,37.0,3.61
35.0,9.0,37.0,3.69
37.0,7.0,45.0,0.84
84.0,-1.0,28.0,2.5
6.0,3.0,50.0,3.06
19.0,7.0,47.0,-0.43
11.0,6.0,54.0,0.07
23.0,3.0,43.0,0.41
48.0,4.0,33.0,1.53
26.0,6.0,46.0,0.57
42.0,10.0,45.0,1.16
51.0,9.0,31.0,2.11
32.0,1.0,40.0,1.53
13.0,4.0,53.0,1.06
18.0,5.0,55.0,2.91
13.0,4.0,53.0,2.9
25.0,8.0,28.0,3.93
44.0,6.0,31.0,2.01
29.0,9.0,37.0,2.16
18.0,6.0,55.0,3.54
34.0,3.0,50.0,0.16
34.0,3.0,52.0,-0.14
30.0,5.0,53.0,-0.25
28.0,4.0,71.0,-0.91
29.0,6.0,55.0,0.18
26.0,3.0,53.0,0.31
28.0,3.0,50.0,0.73
30.0,3.0,43.0,0.31
29.0,3.0,55.0,-0.48
25.0,4.0,44.0,0.2
19.0,1.0,42.0,-0.04
16.0,3.0,12.0,3.29
16.0,3.0,12.0,2.75
20.0,3.0,15.0,3.18
26.0,2.0,15.0,2.9
19.0,5.0,10.0,3.65
30.0,6.0,43.0,2.61
31.0,7.0,41.0,3.01
38.0,13.0,5.0,4.94
30.0,3.0,53.0,1.07
29.0,3.0,51.0,1.17
30.0,2.0,50.0,1.42
33.0,4.0,51.0,1.4
32.0,4.0,40.0,2.6
32.0,2.0,40.0,1.71
38.0,3.0,31.0,1.68
35.0,6.0,45.0,1.4
33.0,7.0,21.0,6.06
33.0,8.0,39.0,4.02
34.0,8.0,41.0,3.26
33.0,9.0,51.0,3.33
33.0,8.0,54.0,2.73
33.0,5.0,39.0,2.8
12.0,2.0,33.0,1.64
18.0,6.0,33.0,4.39
20.0,3.0,60.0,0.46
25.0,2.0,52.0,0.89
30.0,4.0,33.0,1.58
18.0,7.0,44.0,3.65
42.0,4.0,42.0,1.58
44.0,2.0,43.0,2.08
64.0,5.0,53.0,0.48
37.0,2.0,35.0,1.04
14.0,5.0,57.0,-0.2
14.0,4.0,71.0,-0.96
36.0,3.0,30.0,2.2
37.0,3.0,27.0,1.94
34.0,3.0,44.0,0.43
34.0,3.0,44.0,0.37
32.0,2.0,43.0,0.63
34.0,8.0,38.0,1.71
32.0,5.0,28.0,3.08
24.0,3.0,45.0,-0.31
21.0,5.0,61.0,-0.76
18.0,8.0,44.0,4.27
18.0,8.0,44.0,3.75
17.0,7.0,47.0,2.98
17.0,7.0,47.0,3.53
17.0,7.0,47.0,3.53
40.0,3.0,42.0,1.32
34.0,8.0,38.0,3.87
16.0,6.0,50.0,3.18
18.0,6.0,44.0,2.77
18.0,5.0,50.0,1.76
18.0,6.0,44.0,2.82
32.0,8.0,37.0,3.59
32.0,7.0,37.0,3.23
29.0,5.0,41.0,2.9
31.0,4.0,48.0,1.54
51.0,4.0,45.0,1.46
40.0,3.0,45.0,1.29
34.0,4.0,47.0,1.89
40.0,3.0,45.0,0.99
39.0,6.0,41.0,1.7
39.0,5.0,43.0,1.64
39.0,5.0,43.0,1.86
40.0,3.0,42.0,2.0
47.0,5.0,31.0,2.94
38.0,9.0,42.0,1.71
47.0,6.0,36.0,2.32
46.0,6.0,32.0,1.83
22.0,4.0,18.0,2.71
25.0,4.0,40.0,0.33
25.0,1.0,56.0,-1.04
25.0,1.0,56.0,-1.21
25.0,0.0,56.0,-1.04
25.0,1.0,52.0,-0.57
25.0,1.0,56.0,-1.13
24.0,2.0,58.0,-0.98
24.0,3.0,54.0,-0.61
24.0,3.0,54.0,-0.71
24.0,2.0,54.0,-0.98
25.0,2.0,44.0,0.14
25.0,1.0,44.0,0.45
25.0,1.0,44.0,0.04
25.0,1.0,48.0,0.45
22.0,2.0,40.0,0.82
22.0,1.0,40.0,0.79
22.0,1.0,40.0,0.94
22.0,1.0,40.0,1.36
23.0,2.0,43.0,0.33
23.0,2.0,47.0,0.29
23.0,2.0,43.0,0.47
22.0,1.0,68.0,-1.37
23.0,1.0,56.0,-0.04
18.0,2.0,55.0,-0.32
26.0,1.0,42.0,0.42
39.0,9.0,43.0,1.97
33.0,4.0,48.0,0.81
40.0,7.0,45.0,1.47
36.0,5.0,47.0,1.21
38.0,11.0,31.0,3.4
25.0,4.0,32.0,1.55
41.0,4.0,34.0,2.15
43.0,10.0,25.0,2.68
37.0,4.0,27.0,2.3
34.0,7.0,38.0,3.29
30.0,2.0,50.0,0.4
31.0,2.0,48.0,0.28
23.0,5.0,52.0,-0.38
23.0,5.0,52.0,0.02
23.0,5.0,52.0,-0.7
23.0,5.0,52.0,-0.16
23.0,6.0,52.0,-0.5
34.0,6.0,29.0,1.74
31.0,2.0,48.0,0.09
45.0,11.0,33.0,2.87
33.0,1.0,39.0,1.77
32.0,8.0,37.0,2.83
51.0,4.0,39.0,1.63
51.0,6.0,39.0,1.77
21.0,1.0,23.0,3.01
25.0,6.0,36.0,2.6
23.0,6.0,39.0,2.14
24.0,6.0,37.0,2.33
38.0,3.0,21.0,2.96
31.0,3.0,54.0,0.04
44.0,-2.0,40.0,1.63
46.0,2.0,28.0,1.98
47.0,6.0,36.0,2.35
47.0,6.0,36.0,2.4
36.0,4.0,47.0,0.29
39.0,8.0,46.0,1.53
39.0,8.0,46.0,1.64
41.0,5.0,41.0,1.22
21.0,2.0,57.0,1.0
11.0,1.0,54.0,0.0
12.0,1.0,66.0,-0.54
12.0,1.0,58.0,-0.66
11.0,1.0,63.0,-0.73
39.0,12.0,28.0,3.08
21.0,6.0,33.0,3.34
27.0,7.0,33.0,3.38
37.0,6.0,35.0,2.99
23.0,4.0,30.0,2.45
35.0,7.0,42.0,2.81
36.0,8.0,50.0,2.01
33.0,4.0,42.0,2.04
33.0,2.0,39.0,0.11
19.0,3.0,52.0,-0.04
19.0,2.0,52.0,-0.04
19.0,3.0,52.0,0.01
19.0,1.0,52.0,-0.24
19.0,3.0,52.0,-0.69
19.0,2.0,52.0,-0.35
19.0,3.0,52.0,-0.12
17.0,3.0,58.0,0.37
17.0,3.0,52.0,0.3
17.0,3.0,52.0,0.01
17.0,3.0,52.0,-0.31
13.0,1.0,61.0,-0.35
19.0,5.0,36.0,1.43
19.0,4.0,36.0,1.14
32.0,9.0,40.0,0.91
32.0,10.0,40.0,1.21
34.0,10.0,47.0,2.66
34.0,9.0,41.0,2.83
5.0,1.0,40.0,0.64
13.0,2.0,15.0,3.73
12.0,0.0,50.0,0.13
17.0,5.0,23.0,2.41
19.0,5.0,26.0,2.01
25.0,6.0,48.0,1.1
25.0,6.0,48.0,1.47
20.0,4.0,50.0,1.44
38.0,6.0,34.0,2.4
34.0,1.0,52.0,0.25
18.0,3.0,16.0,2.92
25.0,2.0,56.0,-1.0
35.0,6.0,45.0,1.29
35.0,6.0,48.0,1.22
35.0,7.0,48.0,1.22
35.0,6.0,45.0,1.2
37.0,2.0,51.0,1.47
16.0,2.0,56.0,-1.01
16.0,2.0,56.0,-1.01
16.0,2.0,56.0,-1.06
43.0,4.0,48.0,1.48
40.0,3.0,47.0,1.62
22.0,5.0,27.0,3.27
14.0,2.0,64.0,-1.11
21.0,4.0,61.0,-0.71
32.0,3.0,28.0,1.58
32.0,3.0,31.0,1.43
32.0,2.0,31.0,1.93
15.0,2.0,13.0,4.54
15.0,2.0,13.0,4.54
16.0,2.0,25.0,3.8
16.0,2.0,18.0,4.11
27.0,10.0,40.0,1.64
28.0,7.0,42.0,0.81
34.0,8.0,32.0,4.28
23.0,6.0,47.0,2.56
37.0,13.0,37.0,1.93
37.0,3.0,32.0,3.25
41.0,9.0,39.0,1.18
42.0,10.0,42.0,1.31
44.0,4.0,40.0,1.28
44.0,4.0,40.0,1.33
30.0,7.0,46.0,0.65
30.0,5.0,43.0,0.81
30.0,6.0,40.0,1.15
29.0,3.0,48.0,0.75
30.0,5.0,50.0,-0.03
18.0,2.0,50.0,-1.11
19.0,2.0,47.0,-1.1
24.0,5.0,50.0,-0.32
24.0,5.0,50.0,-0.43
45.0,7.0,35.0,1.46
25.0,6.0,48.0,-0.14
25.0,6.0,48.0,-0.14
26.0,7.0,46.0,0.42
26.0,5.0,46.0,-0.11
24.0,5.0,54.0,-0.52
20.0,2.0,65.0,-1.57
50.0,7.0,40.0,1.28
50.0,7.0,36.0,1.63
62.0,9.0,29.0,1.54
47.0,5.0,34.0,1.94
39.0,11.0,20.0,3.04
13.0,2.0,23.0,1.14
13.0,2.0,30.0,0.74
25.0,5.0,52.0,1.66
36.0,0.0,22.0,2.69
45.0,10.0,35.0,2.65
47.0,3.0,29.0,3.77
36.0,5.0,50.0,2.14
84.0,13.0,2.0,0.68
13.0,1.0,69.0,-1.55
13.0,1.0,69.0,-1.55
13.0,1.0,69.0,-1.6
14.0,1.0,64.0,-1.61
55.0,5.0,34.0,1.89
69.0,14.0,33.0,2.59
69.0,30.0,36.0,1.91
71.0,2.0,23.0,2.97
74.0,5.0,21.0,2.66
29.0,6.0,55.0,-0.61
29.0,6.0,55.0,-0.44
32.0,5.0,56.0,-1.15
36.0,6.0,55.0,-0.78
37.0,12.0,29.0,3.01
27.0,2.0,48.0,-0.04
47.0,5.0,36.0,1.84
47.0,5.0,34.0,1.85
55.0,9.0,34.0,1.95
55.0,9.0,30.0,2.06
27.0,4.0,48.0,-0.11
25.0,3.0,44.0,-0.04
22.0,3.0,50.0,0.21
18.0,3.0,55.0,-1.32
76.0,5.0,36.0,1.45
78.0,6.0,42.0,1.92
13.0,2.0,53.0,-0.8
14.0,7.0,28.0,3.48
14.0,4.0,50.0,-0.45
47.0,-2.0,38.0,1.11
20.0,1.0,50.0,-0.99
31.0,6.0,41.0,0.76
50.0,1.0,34.0,2.74
37.0,5.0,32.0,2.94
39.0,5.0,30.0,1.83
33.0,3.0,39.0,2.13
33.0,8.0,39.0,3.76
31.0,3.0,38.0,2.32
33.0,7.0,42.0,2.99
30.0,3.0,56.0,0.9
34.0,7.0,44.0,3.26
18.0,5.0,55.0,2.81
20.0,-1.0,20.0,3.41
10.0,4.0,50.0,0.3
14.0,4.0,71.0,-0.96
13.0,1.0,30.0,2.01
12.0,4.0,66.0,2.53
36.0,4.0,36.0,1.3
24.0,3.0,66.0,-1.32
24.0,3.0,62.0,-0.98
24.0,4.0,62.0,-0.98
24.0,4.0,54.0,-0.49
20.0,3.0,60.0,-1.11
29.0,5.0,41.0,0.45
29.0,4.0,41.0,0.49
17.0,4.0,58.0,0.12
24.0,4.0,66.0,-1.15
24.0,3.0,66.0,-1.31
24.0,3.0,66.0,-1.23
24.0,4.0,66.0,-1.0
24.0,4.0,66.0,-0.95
24.0,4.0,66.0,-1.07
24.0,4.0,66.0,-1.02
24.0,4.0,66.0,-1.11
24.0,3.0,66.0,-0.95
24.0,4.0,66.0,-1.11
24.0,4.0,66.0,-0.79
24.0,3.0,66.0,-0.74
24.0,4.0,66.0,-0.93
22.0,3.0,45.0,0.7
22.0,3.0,45.0,0.98
24.0,2.0,41.0,0.92
24.0,2.0,45.0,0.73
23.0,1.0,39.0,0.9
23.0,2.0,43.0,0.53
38.0,4.0,36.0,1.27
21.0,-1.0,33.0,-0.64
31.0,1.0,45.0,0.99
56.0,7.0,37.0,1.87
46.0,1.0,39.0,2.08
42.0,7.0,45.0,1.28
35.0,8.0,48.0,0.69
35.0,7.0,45.0,0.88
35.0,7.0,42.0,1.02
35.0,7.0,45.0,0.88
51.0,13.0,31.0,2.43
20.0,5.0,35.0,1.31
20.0,5.0,35.0,1.78
21.0,7.0,28.0,4.97
25.0,4.0,40.0,2.04
18.0,7.0,50.0,0.59
45.0,1.0,26.0,2.07
19.0,5.0,36.0,2.77
20.0,-2.0,55.0,-1.1
34.0,4.0,35.0,1.92
15.0,0.0,93.0,-3.31
17.0,3.0,52.0,-1.16
23.0,4.0,34.0,0.02
23.0,1.0,56.0,-0.91
20.0,3.0,65.0,-1.37
20.0,7.0,35.0,3.16
24.0,12.0,8.0,4.81
14.0,6.0,57.0,0.45
21.0,3.0,52.0,-1.17
33.0,3.0,48.0,0.32
15.0,1.0,46.0,0.89
30.0,4.0,53.0,0.06
28.0,8.0,0.0,0.69
38.0,8.0,0.0,0.72
20.0,3.0,65.0,-1.34
20.0,3.0,65.0,-1.13
20.0,3.0,65.0,-1.13
25.0,6.0,52.0,0.24
27.0,6.0,40.0,1.33
20.0,6.0,35.0,3.38
20.0,6.0,35.0,3.96
32.0,12.0,9.0,4.72
12.0,2.0,58.0,-2.42
14.0,2.0,64.0,-0.71
12.0,6.0,8.0,4.25
41.0,7.0,36.0,0.9
20.0,3.0,55.0,-1.62
20.0,3.0,55.0,-1.81
20.0,3.0,50.0,-1.55
7.0,-7.0,0.0,8.72
32.0,1.0,43.0,0.56
29.0,2.0,48.0,-0.37
28.0,8.0,28.0,2.06
20.0,0.0,40.0,2.05
25.0,3.0,52.0,0.2
20.0,4.0,35.0,3.1
56.0,7.0,44.0,0.93
88.0,3.0,34.0,2.8
30.0,6.0,46.0,0.68
18.0,1.0,61.0,-0.63
38.0,5.0,34.0,1.97
25.0,3.0,48.0,0.25
14.0,2.0,57.0,0.64
12.0,2.0,58.0,-2.06
25.0,2.0,48.0,0.05
22.0,1.0,54.0,0.68
21.0,1.0,57.0,0.31
19.0,2.0,57.0,-0.2
18.0,2.0,44.0,1.83
27.0,9.0,37.0,3.3
40.0,1.0,32.0,1.4
46.0,6.0,36.0,1.92
6.0,2.0,50.0,4.47
27.0,5.0,37.0,1.27
10.0,-1.0,30.0,2.49
42.0,10.0,40.0,1.06
19.0,8.0,15.0,4.0
21.0,2.0,52.0,-0.77
26.0,8.0,46.0,1.68
43.0,4.0,39.0,1.75
25.0,0.0,28.0,2.43
35.0,-1.0,42.0,-0.26
40.0,3.0,45.0,0.56
44.0,4.0,40.0,0.97
47.0,1.0,36.0,3.39
17.0,2.0,58.0,-0.48
17.0,2.0,58.0,-0.47
33.0,3.0,45.0,-0.04
15.0,2.0,73.0,-1.94
38.0,5.0,44.0,0.05
20.0,3.0,70.0,-1.84
26.0,3.0,46.0,1.03
26.0,3.0,42.0,1.35
28.0,3.0,46.0,0.47
46.0,7.0,41.0,0.85
46.0,5.0,43.0,0.56
33.0,3.0,48.0,0.47
33.0,3.0,45.0,0.3
37.0,4.0,48.0,0.11
24.0,4.0,62.0,-0.87
21.0,1.0,52.0,-1.49
21.0,3.0,52.0,-1.24
21.0,1.0,52.0,-1.4
34.0,5.0,50.0,0.35
30.0,3.0,50.0,0.9
26.0,7.0,38.0,2.87
31.0,3.0,45.0,0.63
13.0,1.0,69.0,-2.32
33.0,4.0,45.0,0.0
22.0,3.0,54.0,-0.36
13.0,1.0,69.0,-2.08
21.0,-1.0,61.0,-0.98
13.0,1.0,61.0,-1.36
32.0,4.0,46.0,0.08
24.0,4.0,66.0,-1.26
66.0,4.0,25.0,2.22
13.0,1.0,61.0,-2.33
13.0,0.0,61.0,-2.49
14.0,3.0,57.0,-0.53
13.0,2.0,61.0,-1.56
21.0,3.0,47.0,0.12
23.0,3.0,47.0,0.87
20.0,3.0,75.0,-1.52
20.0,3.0,75.0,-1.56
20.0,3.0,70.0,-1.84
46.0,7.0,41.0,0.89
17.0,3.0,58.0,-2.37
33.0,5.0,48.0,-0.18
33.0,3.0,45.0,0.02
12.0,5.0,41.0,4.02
33.0,3.0,45.0,-0.04
37.0,4.0,45.0,-0.09
14.0,0.0,64.0,-2.09
60.0,-12.0,31.0,3.35
29.0,7.0,51.0,1.31
28.0,5.0,50.0,0.51
28.0,6.0,50.0,0.5
27.0,5.0,51.0,0.59
27.0,5.0,51.0,0.25
31.0,3.0,41.0,0.98
31.0,3.0,41.0,0.85
31.0,3.0,41.0,0.78
48.0,4.0,39.0,0.42
48.0,4.0,39.0,0.35
35.0,6.0,45.0,0.43
38.0,6.0,36.0,2.87
20.0,4.0,35.0,3.68
30.0,6.0,30.0,3.47
31.0,7.0,29.0,3.83
23.0,5.0,34.0,3.01
29.0,6.0,37.0,2.95
77.0,-1.0,49.0,0.58
43.0,4.0,37.0,0.73
44.0,3.0,36.0,0.86
43.0,2.0,34.0,1.06
44.0,3.0,34.0,1.12
37.0,2.0,35.0,1.05
43.0,2.0,41.0,0.55
41.0,3.0,39.0,1.02
22.0,2.0,50.0,-1.14
26.0,2.0,50.0,-0.76
21.0,1.0,57.0,-1.77
33.0,0.0,45.0,-0.12
33.0,1.0,45.0,-0.35
33.0,0.0,45.0,-0.06
33.0,1.0,45.0,-0.35
33.0,0.0,45.0,0.0
25.0,4.0,56.0,-0.26
24.0,3.0,66.0,-1.17
24.0,4.0,66.0,-1.14
46.0,6.0,39.0,1.0
46.0,6.0,41.0,1.05
37.0,5.0,48.0,-0.01
28.0,3.0,50.0,0.69
28.0,2.0,46.0,1.21
28.0,3.0,46.0,0.58
28.0,3.0,46.0,0.75
28.0,2.0,50.0,0.69
27.0,2.0,44.0,1.43
13.0,2.0,61.0,-2.26
12.0,1.0,58.0,-1.77
24.0,3.0,50.0,0.05
37.0,4.0,48.0,0.01
37.0,5.0,48.0,0.43
37.0,6.0,48.0,0.73
13.0,0.0,69.0,-2.01
13.0,1.0,69.0,-2.58
13.0,-1.0,38.0,-0.02
11.0,-3.0,36.0,1.06
11.0,-3.0,36.0,1.25
11.0,-2.0,36.0,0.88
11.0,-3.0,36.0,1.34
11.0,-2.0,36.0,1.15
44.0,1.0,34.0,2.56
23.0,3.0,43.0,0.44
24.0,-1.0,33.0,0.57
50.0,6.0,32.0,3.42
37.0,8.0,35.0,1.78
43.0,16.0,27.0,3.34
38.0,6.0,26.0,3.33
37.0,5.0,45.0,-0.06
33.0,5.0,39.0,2.66
43.0,11.0,25.0,2.82
52.0,11.0,25.0,2.3
60.0,20.0,23.0,4.24
94.0,30.0,19.0,3.81
28.0,3.0,50.0,0.22
26.0,9.0,50.0,2.33
27.0,3.0,37.0,3.34
40.0,7.0,35.0,2.79
79.0,7.0,24.0,0.73
79.0,7.0,24.0,0.72
37.0,10.0,35.0,3.03
30.0,8.0,43.0,1.04
66.0,4.0,24.0,2.14
23.0,4.0,52.0,-0.34
13.0,2.0,61.0,-2.33
13.0,1.0,53.0,-0.43
13.0,1.0,53.0,-0.62
23.0,2.0,43.0,0.57
23.0,1.0,43.0,0.57
23.0,1.0,43.0,0.66
20.0,2.0,50.0,-0.69
21.0,3.0,47.0,-0.39
20.0,2.0,45.0,-0.69
21.0,3.0,38.0,-0.35
21.0,3.0,42.0,-0.39
21.0,3.0,42.0,-0.3
19.0,6.0,10.0,4.99
17.0,5.0,47.0,2.47
37.0,5.0,29.0,2.3
35.0,4.0,28.0,2.05
39.0,5.0,38.0,1.57
37.0,7.0,35.0,2.68
37.0,7.0,35.0,2.57
37.0,5.0,24.0,1.54
45.0,6.0,37.0,1.79
46.0,6.0,39.0,1.64
47.0,5.0,36.0,3.43
47.0,8.0,36.0,3.48
47.0,6.0,38.0,3.22
47.0,5.0,31.0,3.4
47.0,9.0,38.0,2.99
24.0,8.0,50.0,1.52
11.0,2.0,54.0,0.02
18.0,6.0,55.0,3.44
18.0,4.0,55.0,2.19
11.0,0.0,45.0,-0.87
21.0,6.0,52.0,2.61
21.0,6.0,52.0,2.57
29.0,0.0,37.0,0.67
31.0,1.0,35.0,1.27
38.0,10.0,47.0,2.88
38.0,9.0,44.0,2.78
37.0,4.0,37.0,3.14
37.0,7.0,37.0,2.8
37.0,10.0,32.0,2.44
37.0,5.0,35.0,2.26
26.0,2.0,38.0,-0.68
23.0,2.0,43.0,-0.78
23.0,2.0,43.0,-0.37
23.0,2.0,43.0,-0.42
94.0,3.0,39.0,1.94
42.0,7.0,38.0,1.86
38.0,6.0,34.0,1.58
41.0,3.0,31.0,2.5
40.0,4.0,42.0,2.51
34.0,2.0,29.0,2.14
34.0,1.0,32.0,1.92
37.0,4.0,27.0,2.46
42.0,-4.0,33.0,2.41
42.0,2.0,30.0,1.98
43.0,0.0,37.0,1.72
44.0,0.0,36.0,1.96
51.0,2.0,33.0,2.26
60.0,-3.0,25.0,2.75
39.0,0.0,43.0,1.93
24.0,2.0,50.0,1.07
19.0,1.0,57.0,-0.64
19.0,1.0,57.0,-0.54
19.0,1.0,52.0,-0.3
19.0,2.0,57.0,-0.37
17.0,2.0,58.0,-0.33
19.0,2.0,63.0,-0.71
25.0,3.0,56.0,-0.45
24.0,4.0,54.0,0.57
46.0,2.0,50.0,0.7
58.0,0.0,62.0,-0.81
69.0,4.0,56.0,-0.6
82.0,5.0,50.0,-0.23
25.0,2.0,56.0,-0.73
21.0,1.0,52.0,-1.28
23.0,3.0,43.0,0.08
48.0,10.0,47.0,1.39
37.0,8.0,37.0,1.81
37.0,7.0,37.0,1.58
37.0,7.0,37.0,1.99
37.0,8.0,37.0,1.75
24.0,3.0,41.0,0.59
20.0,4.0,50.0,0.55
26.0,9.0,38.0,2.53
49.0,10.0,36.0,3.14
24.0,3.0,45.0,0.21
25.0,4.0,40.0,0.97
25.0,7.0,44.0,0.86
19.0,5.0,47.0,1.02
25.0,6.0,40.0,0.9
25.0,6.0,40.0,1.13
23.0,6.0,47.0,0.49
26.0,3.0,46.0,0.49
21.0,3.0,52.0,-1.29
19.0,7.0,42.0,1.32
23.0,7.0,43.0,0.91
24.0,2.0,45.0,-0.51
20.0,3.0,55.0,-1.97
20.0,3.0,55.0,-1.84
17.0,1.0,58.0,-2.29
18.0,0.0,50.0,-1.26
18.0,0.0,50.0,-1.26
38.0,8.0,10.0,4.29
27.0,4.0,14.0,3.53
21.0,7.0,9.0,4.84
25.0,13.0,8.0,5.21
13.0,7.0,7.0,5.07
14.0,8.0,7.0,5.78
18.0,4.0,55.0,2.29
81.0,-2.0,37.0,1.94
90.0,-8.0,40.0,2.35
62.0,3.0,40.0,0.69
20.0,5.0,60.0,2.46
22.0,3.0,59.0,0.18
20.0,3.0,45.0,2.41
40.0,4.0,40.0,2.94
29.0,-5.0,20.0,2.44
36.0,5.0,27.0,2.05
31.0,3.0,41.0,0.15
31.0,3.0,41.0,0.4
31.0,3.0,41.0,0.46
13.0,2.0,69.0,-1.19
13.0,2.0,61.0,-2.39
13.0,2.0,69.0,-1.04
13.0,1.0,69.0,-2.26
32.0,5.0,43.0,0.19
33.0,4.0,45.0,0.36
14.0,2.0,57.0,-1.09
14.0,2.0,57.0,-1.16
14.0,2.0,57.0,-1.22
14.0,2.0,71.0,-1.99
25.0,4.0,52.0,-0.02
25.0,4.0,52.0,-0.15
20.0,3.0,65.0,-1.13
31.0,3.0,48.0,0.15
23.0,2.0,52.0,-1.1
20.0,2.0,50.0,-1.69
43.0,5.0,25.0,3.58
39.0,7.0,35.0,2.0
43.0,10.0,34.0,1.37
38.0,7.0,36.0,0.73
38.0,7.0,36.0,1.08
38.0,7.0,36.0,0.75
38.0,6.0,36.0,1.0
38.0,5.0,31.0,0.83
47.0,4.0,36.0,0.44
43.0,3.0,37.0,0.26
43.0,3.0,34.0,0.5
44.0,3.0,34.0,1.03
43.0,5.0,37.0,1.14
43.0,4.0,37.0,0.73
43.0,3.0,37.0,0.8
43.0,2.0,34.0,1.19
37.0,0.0,32.0,1.5
37.0,1.0,35.0,0.79
37.0,3.0,35.0,0.97
37.0,5.0,35.0,1.32
44.0,1.0,40.0,0.76
43.0,4.0,37.0,1.45
18.0,3.0,66.0,0.61
18.0,5.0,55.0,2.97
21.0,4.0,33.0,1.98
13.0,1.0,61.0,-1.74
10.0,2.0,50.0,-0.56
24.0,4.0,62.0,-0.76
24.0,4.0,62.0,-0.65
24.0,4.0,62.0,-0.39
16.0,2.0,56.0,-1.99
13.0,2.0,61.0,-1.54
13.0,1.0,61.0,1.25
13.0,2.0,69.0,-2.33
13.0,2.0,69.0,-2.18
14.0,2.0,64.0,-1.33
13.0,0.0,61.0,-1.34
28.0,3.0,50.0,0.43
13.0,3.0,61.0,-1.68
13.0,2.0,69.0,-2.1
13.0,1.0,61.0,-2.15
13.0,2.0,61.0,-2.26
13.0,2.0,53.0,-1.18
13.0,2.0,69.0,-1.92
21.0,3.0,57.0,-1.19
24.0,4.0,62.0,-0.96
38.0,8.0,31.0,2.88
29.0,4.0,44.0,0.65
33.0,3.0,42.0,0.34
33.0,3.0,48.0,0.01
24.0,3.0,62.0,-0.8
32.0,4.0,21.0,3.76
24.0,4.0,62.0,-1.04
24.0,3.0,62.0,-1.29
32.0,4.0,46.0,0.27
28.0,3.0,46.0,0.37
21.0,1.0,9.0,0.35
27.0,7.0,48.0,1.15
24.0,5.0,50.0,-0.32
36.0,7.0,38.0,1.56
37.0,4.0,45.0,0.95
21.0,1.0,52.0,-0.28
34.0,15.0,38.0,2.27
34.0,16.0,38.0,2.24
34.0,15.0,38.0,2.03
13.0,2.0,61.0,-1.99
13.0,1.0,61.0,-1.91
13.0,2.0,61.0,-1.02
20.0,1.0,40.0,-0.17
11.0,5.0,36.0,2.21
11.0,5.0,36.0,2.3
15.0,5.0,33.0,0.71
12.0,5.0,41.0,1.9
14.0,4.0,42.0,2.2
33.0,2.0,42.0,0.0
33.0,3.0,42.0,0.0
33.0,2.0,48.0,-0.33
25.0,1.0,40.0,-0.62
19.0,2.0,63.0,-1.33
30.0,3.0,33.0,1.66
20.0,5.0,40.0,3.01
20.0,6.0,30.0,4.0
45.0,5.0,28.0,3.34
38.0,4.0,36.0,1.27
37.0,4.0,37.0,0.8
50.0,1.0,38.0,1.88
47.0,3.0,31.0,3.32
45.0,2.0,35.0,2.85
47.0,4.0,44.0,1.79
47.0,6.0,36.0,2.27
43.0,2.0,41.0,0.55
37.0,6.0,24.0,2.11
37.0,4.0,27.0,1.37
37.0,2.0,32.0,0.8
58.0,-2.0,60.0,-0.89
35.0,-2.0,51.0,-0.46
70.0,6.0,51.0,0.0
43.0,0.0,34.0,0.57
70.0,3.0,55.0,-0.27
58.0,0.0,62.0,-0.84
33.0,4.0,54.0,0.37
28.0,3.0,50.0,0.5
31.0,3.0,54.0,-0.1
33.0,4.0,54.0,0.14
29.0,3.0,55.0,-0.18
23.0,3.0,43.0,-1.12
30.0,3.0,40.0,0.44
25.0,3.0,52.0,0.4
25.0,4.0,48.0,1.07
28.0,2.0,53.0,0.15
28.0,2.0,57.0,0.12
25.0,3.0,56.0,-0.45
28.0,2.0,53.0,0.15
34.0,2.0,50.0,0.13
33.0,4.0,54.0,0.27
25.0,2.0,60.0,-0.2
33.0,3.0,51.0,0.43
33.0,3.0,54.0,0.34
21.0,2.0,61.0,-0.84
25.0,2.0,56.0,-0.45
25.0,2.0,52.0,-0.33
19.0,2.0,63.0,-0.82
25.0,1.0,60.0,-0.2
31.0,2.0,54.0,-0.03
31.0,3.0,54.0,0.01
28.0,3.0,53.0,0.43
31.0,4.0,48.0,0.83
28.0,1.0,50.0,0.87
30.0,3.0,53.0,-0.35
26.0,4.0,53.0,-0.61
27.0,3.0,51.0,0.42
32.0,2.0,43.0,0.77
27.0,1.0,51.0,0.54
33.0,4.0,57.0,0.26
32.0,4.0,53.0,0.4
33.0,7.0,51.0,0.46
25.0,1.0,56.0,-0.01
19.0,2.0,63.0,-0.76
19.0,0.0,68.0,-1.05
19.0,2.0,57.0,-0.55
18.0,2.0,66.0,-1.79
19.0,2.0,63.0,-1.74
19.0,3.0,57.0,-1.19
19.0,3.0,57.0,-1.42
19.0,2.0,57.0,-1.07
45.0,3.0,33.0,3.52
47.0,6.0,36.0,2.27
40.0,4.0,42.0,1.71
47.0,6.0,46.0,1.71
49.0,5.0,42.0,1.49
50.0,6.0,36.0,2.63
47.0,7.0,38.0,1.62
47.0,7.0,36.0,2.16
48.0,8.0,37.0,1.89
37.0,7.0,27.0,2.91
37.0,6.0,27.0,2.85
46.0,5.0,39.0,1.69
19.0,2.0,21.0,4.48
63.0,8.0,31.0,2.36
66.0,9.0,34.0,2.28
52.0,8.0,28.0,2.95
24.0,2.0,37.0,0.97
7.0,0.0,14.0,3.54
12.0,-2.0,58.0,0.37
34.0,3.0,44.0,0.32
22.0,2.0,45.0,1.14
16.0,3.0,43.0,-0.82
25.0,-1.0,44.0,0.48
27.0,1.0,44.0,1.64
21.0,2.0,38.0,1.28
22.0,2.0,40.0,0.75
18.0,-2.0,72.0,-0.71
42.0,7.0,38.0,2.56
42.0,7.0,38.0,2.52
15.0,5.0,60.0,-0.53
44.0,6.0,31.0,2.01
41.0,8.0,34.0,3.33
25.0,9.0,36.0,2.84
26.0,9.0,38.0,1.46
20.0,6.0,35.0,2.69
20.0,5.0,40.0,2.32
24.0,6.0,33.0,1.76
24.0,6.0,33.0,1.9
28.0,10.0,39.0,2.28
26.0,9.0,38.0,1.53
33.0,5.0,36.0,2.46
34.0,2.0,32.0,2.13
35.0,4.0,34.0,3.46
35.0,4.0,34.0,3.19
31.0,2.0,51.0,0.24
28.0,0.0,42.0,0.49
30.0,2.0,46.0,0.53
30.0,2.0,50.0,0.45
29.0,0.0,37.0,0.7
30.0,-1.0,36.0,0.97
29.0,0.0,37.0,0.7
29.0,0.0,37.0,0.69
29.0,0.0,37.0,0.67
29.0,0.0,41.0,0.5
30.0,-1.0,36.0,0.94
30.0,-1.0,36.0,0.94
37.0,-1.0,37.0,2.02
30.0,0.0,50.0,0.18
30.0,2.0,46.0,0.47
30.0,2.0,46.0,0.44
30.0,2.0,46.0,0.58
30.0,2.0,43.0,0.54
30.0,2.0,46.0,0.16
30.0,2.0,50.0,0.07
30.0,2.0,46.0,0.23
30.0,2.0,46.0,0.47
30.0,2.0,43.0,0.55
31.0,2.0,48.0,0.02
30.0,2.0,43.0,0.52
29.0,-1.0,44.0,0.03
29.0,0.0,37.0,0.67
29.0,-1.0,37.0,0.75
30.0,-2.0,33.0,1.12
30.0,-2.0,33.0,1.12
40.0,4.0,35.0,2.12
30.0,0.0,36.0,0.79
29.0,1.0,37.0,0.8
30.0,-1.0,53.0,-0.17
29.0,1.0,51.0,0.56
30.0,-1.0,40.0,0.61
31.0,0.0,51.0,0.33
30.0,-1.0,36.0,0.98
30.0,2.0,46.0,0.45
31.0,1.0,45.0,1.0
30.0,1.0,46.0,0.85
29.0,2.0,55.0,0.16
30.0,2.0,50.0,0.29
31.0,3.0,35.0,0.78
30.0,-2.0,33.0,0.74
29.0,2.0,34.0,0.57
30.0,2.0,33.0,0.6
30.0,2.0,46.0,0.41
31.0,2.0,48.0,0.09
31.0,1.0,45.0,0.26
30.0,1.0,46.0,0.2
29.0,0.0,37.0,0.59
29.0,0.0,37.0,0.64
31.0,-2.0,32.0,0.9
31.0,0.0,48.0,0.3
33.0,-2.0,33.0,0.34
33.0,-2.0,39.0,0.18
33.0,-2.0,39.0,0.15
30.0,-1.0,50.0,-0.46
30.0,-1.0,53.0,-0.1
31.0,0.0,48.0,0.13
32.0,-1.0,46.0,0.48
32.0,0.0,43.0,1.1
31.0,1.0,41.0,0.09
29.0,-1.0,44.0,0.57
30.0,0.0,40.0,1.56
26.0,0.0,57.0,-0.4
27.0,1.0,48.0,0.86
30.0,2.0,46.0,0.23
28.0,1.0,50.0,0.37
30.0,0.0,46.0,0.11
30.0,0.0,46.0,0.08
29.0,-1.0,41.0,0.7
27.0,0.0,51.0,0.16
27.0,0.0,51.0,0.3
23.0,2.0,56.0,-0.38
27.0,1.0,51.0,0.28
25.0,-1.0,40.0,1.29
27.0,-1.0,44.0,0.65
27.0,2.0,48.0,0.42
26.0,2.0,46.0,1.81
23.0,3.0,56.0,0.29
28.0,1.0,46.0,0.45
26.0,3.0,30.0,2.4
26.0,0.0,53.0,-0.36
27.0,1.0,44.0,0.9
31.0,0.0,35.0,1.19
30.0,-1.0,33.0,1.08
29.0,-2.0,34.0,1.13
28.0,-2.0,42.0,0.89
30.0,-2.0,40.0,0.78
30.0,-2.0,40.0,0.81
29.0,-1.0,37.0,0.58
30.0,-1.0,50.0,0.12
30.0,0.0,50.0,0.05
29.0,0.0,34.0,0.79
29.0,0.0,34.0,0.76
29.0,0.0,41.0,0.51
29.0,1.0,34.0,1.19
30.0,0.0,53.0,-0.35
31.0,2.0,45.0,0.19
31.0,2.0,45.0,0.25
31.0,2.0,48.0,-0.07
30.0,2.0,43.0,0.62
31.0,3.0,48.0,0.13
30.0,2.0,46.0,0.36
23.0,4.0,39.0,0.58
17.0,3.0,52.0,-0.61
22.0,5.0,59.0,-0.63
51.0,8.0,49.0,0.14
31.0,0.0,35.0,1.19
30.0,-1.0,33.0,1.08
30.0,-1.0,33.0,1.08
27.0,3.0,40.0,1.18
33.0,-1.0,36.0,0.61
21.0,-1.0,61.0,-0.9
21.0,-1.0,61.0,-0.94
31.0,1.0,45.0,0.14
31.0,1.0,45.0,0.08
35.0,7.0,42.0,2.81
34.0,4.0,38.0,1.75
30.0,0.0,53.0,-0.2
30.0,2.0,46.0,0.44
33.0,-2.0,36.0,0.73
41.0,4.0,41.0,1.65
41.0,2.0,46.0,0.82
38.0,6.0,50.0,1.19
29.0,0.0,37.0,0.71
36.0,3.0,36.0,2.0
39.0,4.0,33.0,2.2
39.0,5.0,35.0,1.84
62.0,3.0,40.0,1.38
47.0,3.0,38.0,1.15
39.0,3.0,38.0,1.74
26.0,2.0,57.0,-0.61
65.0,9.0,32.0,2.89
18.0,8.0,38.0,1.49
38.0,5.0,42.0,0.87
54.0,0.0,31.0,2.87
74.0,11.0,33.0,3.5
41.0,4.0,41.0,1.43
41.0,3.0,39.0,1.6
41.0,4.0,39.0,1.64
87.0,-3.0,36.0,1.82
41.0,2.0,36.0,2.01
28.0,5.0,35.0,1.03
60.0,4.0,53.0,-0.78
48.0,2.0,41.0,0.07
59.0,1.0,47.0,-0.81
62.0,1.0,48.0,-0.67
45.0,2.0,51.0,-0.96
45.0,2.0,51.0,-0.96
44.0,1.0,52.0,-0.6
33.0,4.0,30.0,0.89
21.0,1.0,57.0,-1.04
30.0,4.0,40.0,1.42
25.0,4.0,36.0,2.8
43.0,5.0,37.0,1.88
23.0,2.0,43.0,0.93
30.0,1.0,33.0,1.09
70.0,11.0,34.0,1.43
44.0,3.0,36.0,1.5
44.0,3.0,36.0,1.5
53.0,4.0,39.0,1.16
58.0,10.0,36.0,1.03
34.0,4.0,44.0,0.71
44.0,6.0,38.0,1.21
44.0,7.0,47.0,0.63
44.0,6.0,52.0,-0.11
44.0,6.0,52.0,-0.07
36.0,-2.0,47.0,0.31
76.0,-4.0,53.0,-0.2
30.0,-1.0,43.0,1.11
22.0,0.0,45.0,1.16
84.0,-4.0,35.0,0.28
44.0,3.0,36.0,1.5
35.0,-2.0,60.0,-1.57
42.0,4.0,33.0,1.12
25.0,0.0,44.0,0.93
27.0,0.0,40.0,0.88
27.0,0.0,40.0,0.49
27.0,2.0,40.0,1.2
26.0,1.0,46.0,0.71
37.0,0.0,48.0,0.1
20.0,-1.0,45.0,-0.5
18.0,4.0,55.0,1.58
18.0,5.0,55.0,2.46
18.0,6.0,55.0,3.34
8.0,2.0,50.0,-0.51
9.0,2.0,44.0,-0.17
9.0,2.0,44.0,0.29
93.0,7.0,23.0,2.34
17.0,4.0,17.0,2.43
39.0,5.0,20.0,1.09
23.0,5.0,52.0,0.62
24.0,4.0,50.0,0.69
24.0,3.0,54.0,0.39
24.0,4.0,50.0,0.74
24.0,4.0,45.0,0.88
24.0,3.0,45.0,0.88
24.0,4.0,45.0,0.82
19.0,4.0,57.0,-0.39
15.0,0.0,93.0,-3.35
15.0,0.0,86.0,-3.15
7.0,1.0,28.0,3.96
43.0,0.0,16.0,0.01
88.0,0.0,39.0,0.56
90.0,-3.0,45.0,0.47
77.0,-2.0,32.0,0.69
60.0,0.0,43.0,-0.79
62.0,-2.0,30.0,1.16
16.0,3.0,31.0,1.7
62.0,1.0,22.0,2.46
51.0,11.0,37.0,3.16
16.0,2.0,56.0,-0.57
16.0,2.0,56.0,-0.69
79.0,6.0,45.0,1.37
30.0,11.0,40.0,2.12
18.0,5.0,72.0,-0.7
15.0,3.0,60.0,-0.34
21.0,1.0,47.0,-1.26
44.0,3.0,31.0,0.71
44.0,3.0,29.0,0.73
90.0,7.0,44.0,1.19
45.0,12.0,37.0,2.85
13.0,1.0,53.0,-0.57
14.0,3.0,64.0,-0.12
14.0,1.0,64.0,-0.77
17.0,5.0,29.0,1.42
17.0,5.0,23.0,1.96
18.0,4.0,38.0,1.4
37.0,4.0,43.0,0.4
37.0,4.0,43.0,0.65
37.0,5.0,40.0,0.56
37.0,5.0,43.0,0.34
37.0,5.0,40.0,0.41
28.0,4.0,53.0,0.82
13.0,1.0,61.0,-1.81
15.0,2.0,60.0,-1.9
16.0,1.0,56.0,-1.07
19.0,2.0,52.0,0.35
13.0,2.0,69.0,-2.29
23.0,6.0,56.0,0.04
14.0,4.0,57.0,-0.67
16.0,2.0,62.0,-0.18
32.0,7.0,34.0,4.31
17.0,2.0,64.0,-2.55
18.0,5.0,55.0,-0.44
19.0,1.0,68.0,-1.06
45.0,5.0,40.0,0.78
46.0,6.0,41.0,1.07
46.0,5.0,41.0,0.89
28.0,2.0,46.0,0.78
28.0,3.0,50.0,0.24
29.0,2.0,44.0,0.21
46.0,6.0,30.0,1.83
46.0,5.0,30.0,2.17
46.0,6.0,28.0,2.19
46.0,6.0,30.0,2.36
46.0,5.0,30.0,1.89
46.0,5.0,28.0,2.29
27.0,4.0,29.0,3.78
46.0,7.0,30.0,2.48
74.0,2.0,43.0,0.28
34.0,7.0,35.0,1.64
30.0,6.0,43.0,2.12
36.0,8.0,22.0,3.13
37.0,6.0,40.0,2.31
35.0,5.0,37.0,1.63
20.0,5.0,40.0,0.99
33.0,2.0,48.0,0.23
33.0,3.0,51.0,0.34
32.0,6.0,37.0,0.9
29.0,3.0,51.0,0.86
13.0,3.0,53.0,1.65
21.0,3.0,52.0,-1.24
20.0,1.0,60.0,-0.87
39.0,8.0,46.0,0.24
28.0,3.0,39.0,1.41
9.0,2.0,11.0,4.87
14.0,2.0,28.0,0.95
24.0,1.0,62.0,-0.22
38.0,2.0,39.0,0.66
14.0,1.0,28.0,1.85
15.0,4.0,33.0,2.89
16.0,1.0,43.0,1.54
12.0,1.0,33.0,0.5
23.0,3.0,43.0,0.52
21.0,1.0,52.0,-1.54
21.0,2.0,47.0,-0.95
21.0,2.0,47.0,-1.17
21.0,1.0,52.0,-1.49
21.0,1.0,47.0,-0.87
37.0,8.0,40.0,1.91
88.0,-6.0,39.0,1.77
77.0,-3.0,50.0,0.51
77.0,-2.0,51.0,-0.28
34.0,5.0,35.0,1.56
36.0,4.0,52.0,0.44
41.0,4.0,46.0,1.18
40.0,7.0,37.0,2.5
42.0,4.0,45.0,1.53
45.0,1.0,33.0,1.51
47.0,6.0,38.0,1.92
15.0,3.0,26.0,3.21
17.0,1.0,58.0,-1.87
21.0,3.0,57.0,-1.2
15.0,-1.0,40.0,1.0
47.0,7.0,34.0,3.29
18.0,3.0,66.0,-1.77
19.0,2.0,63.0,-1.23
19.0,2.0,63.0,-1.53
23.0,3.0,47.0,0.99
24.0,3.0,54.0,0.31
24.0,4.0,45.0,0.96
24.0,3.0,45.0,0.67
24.0,4.0,45.0,1.14
29.0,2.0,31.0,1.05
78.0,-2.0,41.0,1.35
84.0,-6.0,52.0,0.25
9.0,1.0,44.0,1.32
11.0,-1.0,45.0,-0.09
8.0,-1.0,37.0,1.25
24.0,4.0,62.0,-0.67
17.0,2.0,64.0,-2.19
14.0,3.0,57.0,-0.77
17.0,3.0,52.0,-0.21
24.0,4.0,62.0,-0.71
19.0,3.0,57.0,-1.07
28.0,1.0,50.0,0.0
28.0,1.0,46.0,0.1
26.0,2.0,53.0,0.06
34.0,5.0,52.0,-0.27
55.0,1.0,9.0,3.67
46.0,7.0,36.0,1.89
8.0,1.0,50.0,0.03
43.0,3.0,51.0,1.49
40.0,3.0,45.0,1.46
40.0,2.0,45.0,1.46
40.0,4.0,47.0,1.73
40.0,2.0,47.0,0.8
40.0,4.0,47.0,1.38
40.0,3.0,47.0,1.0
46.0,0.0,54.0,-0.17
40.0,1.0,52.0,1.2
33.0,3.0,39.0,1.4
43.0,7.0,44.0,2.07
43.0,6.0,41.0,1.81
43.0,5.0,46.0,1.47
42.0,4.0,38.0,1.11
77.0,13.0,27.0,3.03
68.0,6.0,38.0,1.72
83.0,2.0,36.0,1.87
41.0,0.0,34.0,2.03
41.0,-3.0,24.0,2.61
44.0,5.0,31.0,3.82
34.0,7.0,35.0,3.67
37.0,2.0,21.0,3.85
40.0,8.0,37.0,2.51
42.0,-1.0,42.0,0.29
36.0,8.0,33.0,1.67
29.0,-1.0,37.0,-0.58
27.0,2.0,44.0,0.02
23.0,0.0,43.0,-0.65
24.0,-2.0,41.0,0.37
23.0,1.0,43.0,-0.82
23.0,1.0,43.0,-0.79
29.0,4.0,55.0,-0.09
24.0,1.0,62.0,-0.43
33.0,3.0,45.0,0.54
33.0,2.0,48.0,0.11
37.0,3.0,43.0,0.17
30.0,3.0,46.0,0.14
30.0,4.0,50.0,-0.17
33.0,3.0,45.0,0.34
13.0,2.0,69.0,-2.25
17.0,0.0,41.0,-0.25
15.0,0.0,33.0,0.3
23.0,2.0,30.0,2.42
25.0,3.0,52.0,0.07
25.0,2.0,48.0,0.32
25.0,2.0,48.0,0.28
25.0,1.0,48.0,0.16
22.0,0.0,36.0,-2.34
5.0,0.0,60.0,-0.48
29.0,11.0,17.0,3.74
29.0,9.0,20.0,2.85
25.0,3.0,52.0,0.17
32.0,5.0,46.0,0.17
28.0,4.0,50.0,0.38
24.0,4.0,66.0,-1.02
24.0,4.0,66.0,-1.19
24.0,4.0,62.0,-1.0
24.0,3.0,66.0,-1.06
24.0,4.0,66.0,-0.83
24.0,3.0,66.0,-0.78
28.0,3.0,50.0,0.29
46.0,5.0,43.0,0.66
37.0,4.0,48.0,0.13
33.0,3.0,45.0,0.57
33.0,3.0,45.0,0.63
24.0,4.0,66.0,-0.58
24.0,3.0,66.0,-0.54
21.0,2.0,57.0,-1.25
21.0,2.0,57.0,-1.29
30.0,4.0,50.0,0.79
33.0,5.0,51.0,0.4
33.0,4.0,48.0,0.65
33.0,3.0,48.0,0.65
33.0,3.0,48.0,0.51
24.0,4.0,58.0,-0.62
24.0,4.0,62.0,-0.66
13.0,3.0,61.0,-1.61
32.0,4.0,46.0,0.2
24.0,4.0,62.0,-1.01
24.0,3.0,62.0,-1.0
24.0,4.0,62.0,-0.89
20.0,3.0,70.0,-1.27
20.0,3.0,70.0,-1.17
24.0,4.0,62.0,-0.52
35.0,3.0,45.0,0.88
35.0,3.0,45.0,0.78
13.0,2.0,61.0,-1.26
24.0,4.0,66.0,-0.37
24.0,4.0,66.0,-0.84
13.0,2.0,69.0,-2.29
17.0,3.0,64.0,-1.79
20.0,1.0,70.0,-1.34
20.0,2.0,70.0,-1.3
20.0,2.0,70.0,-1.36
20.0,2.0,65.0,-1.02
20.0,3.0,75.0,-1.66
13.0,3.0,46.0,-0.89
14.0,3.0,71.0,-1.1
20.0,6.0,40.0,0.94
23.0,3.0,52.0,-0.28
23.0,3.0,52.0,-0.36
23.0,3.0,52.0,-0.51
23.0,3.0,52.0,0.04
16.0,2.0,56.0,-1.14
17.0,2.0,58.0,-1.65
17.0,2.0,58.0,-1.84
51.0,-1.0,37.0,1.72
15.0,6.0,53.0,0.16
15.0,6.0,53.0,0.1
15.0,6.0,53.0,-0.04
38.0,6.0,34.0,1.91
44.0,3.0,38.0,1.69
45.0,4.0,37.0,1.98
11.0,3.0,36.0,1.57
13.0,2.0,23.0,3.06
9.0,2.0,22.0,2.92
36.0,1.0,25.0,3.0
29.0,2.0,41.0,3.66
37.0,4.0,43.0,1.08
28.0,4.0,35.0,2.48
46.0,0.0,36.0,2.38
52.0,6.0,28.0,2.6
10.0,3.0,30.0,3.48
10.0,2.0,60.0,-0.16
44.0,3.0,18.0,0.06
54.0,3.0,27.0,-0.39
65.0,1.0,27.0,-0.81
48.0,3.0,22.0,-0.24
40.0,1.0,12.0,1.06
49.0,3.0,16.0,0.28
43.0,5.0,11.0,0.92
51.0,6.0,11.0,0.95
47.0,6.0,8.0,1.17
53.0,6.0,5.0,1.02
53.0,4.0,11.0,0.4
30.0,4.0,46.0,0.57
21.0,13.0,0.0,2.7
22.0,2.0,45.0,0.3
13.0,3.0,53.0,-0.96
13.0,2.0,61.0,-1.54
23.0,4.0,65.0,-0.17
24.0,4.0,66.0,-0.62
28.0,3.0,42.0,0.44
28.0,3.0,50.0,0.46
37.0,4.0,48.0,0.28
46.0,7.0,41.0,0.81
37.0,5.0,48.0,0.02
28.0,2.0,46.0,0.54
28.0,3.0,46.0,0.47
28.0,2.0,46.0,0.69
50.0,0.0,38.0,1.99
21.0,5.0,23.0,3.02
25.0,8.0,32.0,2.42
33.0,1.0,39.0,0.59
17.0,2.0,58.0,-1.61
64.0,5.0,31.0,2.24
53.0,7.0,47.0,1.13
40.0,5.0,40.0,2.3
15.0,3.0,53.0,-0.34
14.0,4.0,57.0,-0.75
5.0,-1.0,60.0,-0.27
5.0,-1.0,60.0,-1.31
82.0,-3.0,30.0,1.26
26.0,8.0,34.0,2.87
47.0,1.0,25.0,1.38
75.0,8.0,32.0,2.45
63.0,4.0,41.0,1.37
31.0,5.0,32.0,1.92
31.0,6.0,35.0,1.96
31.0,5.0,38.0,1.45
47.0,3.0,38.0,2.24
22.0,6.0,36.0,2.65
39.0,4.0,17.0,2.18
42.0,5.0,30.0,3.05
40.0,4.0,45.0,1.5
25.0,7.0,40.0,2.22
8.0,2.0,75.0,-0.42
21.0,2.0,52.0,-1.48
21.0,1.0,52.0,-1.55
21.0,2.0,52.0,-1.44
21.0,2.0,52.0,-1.07
21.0,2.0,47.0,-0.71
81.0,-3.0,46.0,1.13
21.0,1.0,52.0,0.15
22.0,2.0,54.0,-0.18
31.0,12.0,41.0,2.89
13.0,2.0,69.0,-1.83
18.0,2.0,55.0,-0.66
32.0,5.0,56.0,0.22
19.0,4.0,57.0,-1.15
42.0,4.0,42.0,1.72
55.0,1.0,52.0,0.4
18.0,7.0,22.0,4.8
44.0,0.0,38.0,1.79
60.0,6.0,33.0,2.57
50.0,7.0,32.0,2.04
47.0,5.0,44.0,1.42
83.0,4.0,30.0,2.26
75.0,4.0,34.0,3.0
86.0,-5.0,29.0,2.83
22.0,3.0,54.0,-0.27
51.0,7.0,33.0,1.97
55.0,5.0,25.0,3.12
57.0,-1.0,26.0,2.55
58.0,4.0,27.0,2.63
39.0,6.0,43.0,1.86
40.0,3.0,47.0,1.2
83.0,-1.0,20.0,1.47
23.0,3.0,17.0,1.95
30.0,10.0,3.0,5.49
24.0,11.0,4.0,6.07
39.0,1.0,35.0,0.81
30.0,-1.0,53.0,-1.05
48.0,6.0,37.0,2.64
51.0,9.0,37.0,1.79
30.0,5.0,40.0,0.96
30.0,3.0,40.0,0.98
96.0,2.0,33.0,2.15
89.0,8.0,33.0,2.26
14.0,2.0,64.0,-1.06
12.0,2.0,25.0,0.94
14.0,3.0,71.0,-0.68
57.0,3.0,42.0,0.94
19.0,2.0,57.0,-0.95
34.0,2.0,35.0,0.9
20.0,2.0,50.0,-0.19
29.0,3.0,34.0,1.12
44.0,5.0,31.0,2.48
45.0,7.0,31.0,2.59
40.0,2.0,37.0,0.47
40.0,2.0,37.0,0.7
50.0,4.0,26.0,2.89
37.0,4.0,37.0,1.54
42.0,8.0,40.0,1.97
45.0,6.0,37.0,3.05
19.0,1.0,36.0,1.32
19.0,1.0,36.0,1.71
19.0,0.0,31.0,1.48
19.0,1.0,36.0,1.82
37.0,9.0,40.0,1.44
48.0,6.0,37.0,2.75
52.0,7.0,36.0,2.15
64.0,2.0,53.0,0.13
19.0,2.0,21.0,0.82
41.0,6.0,43.0,0.5
21.0,0.0,52.0,0.18
96.0,2.0,36.0,1.61
19.0,-1.0,57.0,-0.66
37.0,3.0,48.0,0.44
33.0,2.0,48.0,0.88
33.0,2.0,48.0,0.88
29.0,0.0,41.0,1.55
30.0,0.0,36.0,1.63
22.0,2.0,45.0,0.3
31.0,7.0,38.0,1.16
82.0,6.0,37.0,1.9
24.0,7.0,41.0,2.41
31.0,6.0,35.0,0.73
30.0,5.0,40.0,1.81
24.0,0.0,37.0,0.28
32.0,2.0,40.0,0.9
33.0,0.0,45.0,0.5
20.0,5.0,15.0,3.68
28.0,1.0,46.0,0.85
28.0,4.0,39.0,0.31
34.0,4.0,44.0,1.13
34.0,0.0,29.0,1.29
38.0,7.0,36.0,2.75
38.0,7.0,36.0,2.77
38.0,7.0,39.0,2.94
38.0,5.0,39.0,2.13
38.0,7.0,36.0,3.18
38.0,6.0,36.0,2.9
38.0,8.0,36.0,3.23
22.0,0.0,54.0,-0.63
24.0,13.0,45.0,6.44
14.0,4.0,50.0,1.01
14.0,4.0,57.0,-0.87
14.0,4.0,57.0,-0.19
17.0,4.0,52.0,0.2
17.0,2.0,47.0,0.13
17.0,2.0,52.0,0.2
14.0,1.0,64.0,-0.68
14.0,0.0,64.0,-0.51
74.0,6.0,36.0,3.13
26.0,8.0,46.0,1.75
30.0,5.0,50.0,-0.15
30.0,5.0,53.0,-0.37
41.0,3.0,29.0,1.71
14.0,1.0,35.0,1.67
20.0,2.0,60.0,-0.5
22.0,3.0,45.0,0.28
42.0,8.0,30.0,2.23
60.0,5.0,60.0,-0.63
61.0,2.0,62.0,-0.75
25.0,2.0,56.0,-0.96
25.0,3.0,56.0,-0.82
15.0,2.0,60.0,-1.95
46.0,5.0,43.0,0.6
24.0,1.0,62.0,0.13
18.0,3.0,50.0,1.89
18.0,2.0,33.0,3.1
32.0,7.0,37.0,2.56
30.0,3.0,56.0,0.82
30.0,5.0,53.0,2.01
33.0,8.0,36.0,4.13
32.0,7.0,37.0,3.79
33.0,8.0,33.0,4.32
32.0,7.0,34.0,3.99
33.0,8.0,51.0,2.69
32.0,7.0,53.0,2.31
32.0,7.0,31.0,4.03
30.0,3.0,56.0,0.88
18.0,5.0,55.0,2.91
18.0,4.0,55.0,2.29
18.0,3.0,66.0,0.61
18.0,4.0,66.0,1.24
40.0,-3.0,42.0,0.98
42.0,-3.0,45.0,0.77
21.0,-1.0,28.0,1.92
23.0,-1.0,34.0,0.06
14.0,1.0,50.0,0.29
15.0,3.0,46.0,-0.68
14.0,0.0,57.0,-0.06
25.0,2.0,52.0,0.89
58.0,4.0,34.0,2.68
50.0,3.0,40.0,1.47
51.0,3.0,37.0,1.78
47.0,3.0,31.0,3.24
50.0,3.0,38.0,1.72
50.0,3.0,40.0,1.47
50.0,4.0,40.0,1.55
50.0,5.0,40.0,1.53
50.0,3.0,40.0,1.47
50.0,4.0,40.0,1.49
50.0,3.0,34.0,1.72
50.0,3.0,36.0,1.62
17.0,3.0,52.0,-0.49
24.0,3.0,54.0,1.1
25.0,2.0,56.0,-0.91
22.0,1.0,40.0,0.98
24.0,4.0,25.0,3.21
25.0,4.0,52.0,0.43
88.0,-3.0,45.0,1.2
87.0,-2.0,42.0,1.34
46.0,5.0,43.0,0.57
46.0,6.0,43.0,0.85
37.0,4.0,48.0,0.25
29.0,3.0,48.0,0.62
33.0,3.0,51.0,0.76
33.0,3.0,45.0,0.71
33.0,2.0,45.0,0.25
21.0,2.0,52.0,-1.1
21.0,2.0,52.0,-1.4
32.0,1.0,43.0,0.56
67.0,15.0,4.0,3.83
7.0,2.0,57.0,-0.95
16.0,-1.0,43.0,0.22
37.0,4.0,48.0,0.15
37.0,3.0,54.0,-0.06
16.0,2.0,37.0,1.52
32.0,2.0,50.0,0.38
14.0,6.0,7.0,5.47
24.0,3.0,54.0,-1.05
24.0,3.0,58.0,-1.23
24.0,4.0,66.0,-0.78
19.0,1.0,31.0,1.93
13.0,1.0,61.0,-2.25
13.0,2.0,61.0,-1.81
14.0,2.0,57.0,0.23
18.0,1.0,33.0,1.38
20.0,1.0,30.0,1.19
27.0,4.0,44.0,-0.19
27.0,4.0,40.0,0.04
25.0,3.0,48.0,-0.49
27.0,4.0,40.0,-0.18
27.0,4.0,44.0,-0.19
25.0,3.0,44.0,-0.4
27.0,4.0,44.0,-0.02
20.0,2.0,55.0,-1.81
27.0,4.0,48.0,-0.35
27.0,4.0,48.0,-0.51
22.0,4.0,59.0,-1.42
27.0,4.0,48.0,-0.31
25.0,3.0,48.0,-0.56
27.0,3.0,55.0,-0.63
20.0,3.0,50.0,-1.59
75.0,8.0,33.0,2.36
13.0,1.0,53.0,-1.81
16.0,4.0,43.0,1.37
16.0,3.0,50.0,0.37
32.0,9.0,46.0,1.86
29.0,7.0,51.0,1.63
37.0,8.0,48.0,1.14
52.0,1.0,46.0,0.9
47.0,4.0,42.0,1.18
37.0,6.0,37.0,1.51
37.0,7.0,35.0,1.99
46.0,4.0,28.0,3.01
41.0,7.0,29.0,2.09
29.0,3.0,34.0,1.21
61.0,14.0,6.0,2.42
37.0,4.0,21.0,4.95
43.0,0.0,34.0,0.88
18.0,1.0,22.0,2.14
13.0,0.0,23.0,1.76
10.0,0.0,40.0,-1.1
14.0,-2.0,28.0,1.14
20.0,-2.0,40.0,0.38
61.0,2.0,57.0,-0.58
37.0,3.0,32.0,2.68
20.0,8.0,45.0,2.43
17.0,7.0,47.0,2.63
17.0,3.0,64.0,-1.39
50.0,0.0,40.0,1.6
50.0,1.0,40.0,1.56
30.0,2.0,46.0,0.27
30.0,-1.0,36.0,1.22
29.0,-1.0,41.0,0.37
30.0,2.0,50.0,0.25
24.0,2.0,54.0,0.69
29.0,3.0,48.0,0.98
29.0,3.0,48.0,0.94
29.0,3.0,48.0,0.7
21.0,2.0,52.0,-1.15
24.0,3.0,58.0,-0.15
29.0,0.0,37.0,0.74
30.0,-1.0,36.0,0.86
18.0,3.0,55.0,0.21
18.0,3.0,55.0,0.73
43.0,2.0,41.0,0.6
40.0,4.0,45.0,1.04
40.0,6.0,37.0,1.84
19.0,3.0,57.0,-1.25
75.0,3.0,36.0,1.66
76.0,4.0,35.0,1.47
15.0,2.0,60.0,0.0
41.0,5.0,46.0,1.13
42.0,3.0,50.0,-0.37
36.0,4.0,44.0,0.94
77.0,2.0,18.0,4.05
36.0,14.0,33.0,2.59
36.0,8.0,30.0,3.13
34.0,9.0,32.0,2.63
22.0,4.0,27.0,2.51
11.0,-1.0,45.0,1.02
30.0,9.0,50.0,1.94
9.0,-1.0,55.0,0.66
29.0,0.0,41.0,0.52
29.0,0.0,37.0,0.55
31.0,2.0,48.0,0.0
30.0,1.0,46.0,0.3
31.0,1.0,48.0,0.03
31.0,1.0,48.0,-0.09
31.0,1.0,48.0,0.01
30.0,1.0,46.0,0.74
10.0,4.0,70.0,-0.75
48.0,5.0,47.0,1.44
50.0,3.0,34.0,1.77
51.0,4.0,39.0,1.82
50.0,2.0,34.0,1.88
51.0,5.0,39.0,2.01
24.0,1.0,66.0,-0.38
24.0,1.0,62.0,-0.22
24.0,3.0,66.0,-0.44
23.0,1.0,60.0,-0.24
18.0,5.0,50.0,1.07
24.0,0.0,58.0,0.12
24.0,1.0,58.0,0.04
24.0,2.0,62.0,-0.43
24.0,0.0,62.0,-0.38
24.0,1.0,62.0,-0.18
24.0,0.0,62.0,-0.38
24.0,0.0,62.0,-0.38
24.0,2.0,66.0,-0.91
23.0,1.0,65.0,-0.32
33.0,3.0,51.0,0.39
33.0,3.0,51.0,0.39
33.0,3.0,51.0,0.3
33.0,1.0,48.0,0.51
33.0,2.0,48.0,0.44
33.0,1.0,45.0,0.37
33.0,2.0,42.0,0.57
33.0,1.0,42.0,0.72
15.0,3.0,46.0,0.87
33.0,3.0,48.0,0.49
33.0,3.0,48.0,0.47
33.0,2.0,45.0,0.46
33.0,1.0,45.0,0.58
33.0,2.0,45.0,0.91
33.0,3.0,48.0,0.47
13.0,5.0,30.0,4.22
33.0,2.0,45.0,0.95
33.0,2.0,45.0,0.95
33.0,2.0,45.0,0.6
33.0,2.0,45.0,0.6
33.0,3.0,48.0,0.41
46.0,6.0,47.0,0.14
46.0,5.0,41.0,0.68
46.0,5.0,47.0,0.23
46.0,5.0,47.0,0.21
46.0,6.0,47.0,0.19
17.0,3.0,58.0,0.82
46.0,5.0,43.0,0.7
17.0,3.0,64.0,0.43
46.0,7.0,43.0,0.93
46.0,4.0,43.0,0.62
46.0,5.0,43.0,0.7
37.0,4.0,48.0,0.11
37.0,5.0,43.0,0.57
29.0,3.0,48.0,0.59
20.0,1.0,45.0,0.4
37.0,4.0,43.0,0.16
37.0,3.0,43.0,0.17
37.0,2.0,43.0,0.17
37.0,4.0,43.0,0.14
20.0,0.0,50.0,-0.37
21.0,2.0,52.0,-1.52
21.0,2.0,47.0,-0.56
21.0,3.0,57.0,-1.47
21.0,2.0,52.0,-1.56
21.0,1.0,57.0,-1.93
21.0,1.0,57.0,-1.93
20.0,1.0,50.0,-0.17
21.0,2.0,52.0,-1.28
21.0,2.0,52.0,-1.24
21.0,3.0,52.0,-0.89
21.0,1.0,52.0,-1.24
16.0,1.0,31.0,2.2
29.0,3.0,48.0,1.16
29.0,3.0,51.0,0.91
29.0,2.0,44.0,1.48
29.0,3.0,51.0,0.91
16.0,6.0,31.0,2.65
24.0,4.0,37.0,2.27
17.0,3.0,47.0,1.02
24.0,3.0,66.0,-0.8
24.0,4.0,54.0,-0.89
33.0,3.0,45.0,0.73
33.0,3.0,45.0,0.52
48.0,12.0,10.0,3.5
14.0,2.0,64.0,-1.17
12.0,1.0,66.0,-1.0
27.0,3.0,44.0,-0.41
27.0,3.0,48.0,-0.42
27.0,2.0,48.0,-0.37
27.0,2.0,48.0,-0.34
17.0,3.0,47.0,-0.84
17.0,3.0,58.0,-1.08
17.0,3.0,64.0,-1.47
20.0,5.0,35.0,1.61
19.0,3.0,36.0,0.79
19.0,3.0,31.0,0.86
20.0,2.0,35.0,0.75
20.0,3.0,40.0,0.57
19.0,3.0,42.0,0.65
17.0,3.0,41.0,1.26
32.0,0.0,43.0,0.2
30.0,3.0,43.0,1.17
31.0,3.0,41.0,0.45
34.0,-6.0,29.0,4.3
45.0,-4.0,33.0,3.1
22.0,2.0,54.0,-0.48
13.0,2.0,61.0,-2.06
12.0,3.0,50.0,0.19
12.0,4.0,50.0,-0.04
17.0,2.0,64.0,-2.35
28.0,2.0,50.0,1.05
23.0,3.0,52.0,-0.53
33.0,4.0,45.0,0.78
33.0,4.0,45.0,0.75
37.0,5.0,51.0,0.4
37.0,5.0,48.0,0.56
16.0,2.0,56.0,-1.85
16.0,2.0,62.0,-2.27
16.0,2.0,56.0,-1.87
16.0,2.0,68.0,-2.67
16.0,2.0,50.0,-1.47
13.0,2.0,61.0,-2.11
13.0,2.0,69.0,-2.6
10.0,2.0,60.0,-1.67
19.0,3.0,47.0,1.11
19.0,3.0,36.0,1.56
16.0,1.0,37.0,1.64
16.0,1.0,43.0,2.81
21.0,2.0,38.0,1.82
31.0,4.0,45.0,0.84
24.0,4.0,62.0,-1.23
24.0,4.0,58.0,-1.06
24.0,4.0,58.0,-1.08
33.0,4.0,45.0,1.03
33.0,4.0,48.0,0.85
33.0,5.0,45.0,0.97
17.0,2.0,64.0,-2.41
17.0,3.0,58.0,-1.3
21.0,3.0,61.0,-0.54
21.0,4.0,57.0,0.36
50.0,2.0,36.0,1.01
13.0,4.0,61.0,-1.23
17.0,4.0,41.0,2.17
27.0,9.0,48.0,0.52
14.0,3.0,64.0,0.13
14.0,3.0,57.0,-0.19
24.0,4.0,62.0,-0.65
24.0,4.0,62.0,-0.69
49.0,-1.0,36.0,1.67
29.0,6.0,48.0,0.47
29.0,4.0,48.0,-0.06
28.0,4.0,53.0,-0.18
28.0,4.0,53.0,-0.14
28.0,4.0,46.0,-0.1
19.0,0.0,31.0,-1.0
20.0,-3.0,35.0,0.13
33.0,2.0,48.0,0.5
27.0,4.0,55.0,0.94
52.0,4.0,51.0,-0.13
21.0,0.0,23.0,1.83
18.0,2.0,44.0,1.92
43.0,3.0,51.0,0.96
18.0,2.0,61.0,-1.32
13.0,3.0,69.0,-0.86
38.0,2.0,36.0,1.53
13.0,2.0,61.0,-1.23
44.0,1.0,29.0,1.72
42.0,2.0,45.0,0.95
28.0,1.0,53.0,-0.36
31.0,1.0,48.0,0.4
25.0,3.0,40.0,0.71
29.0,-1.0,41.0,1.09
32.0,0.0,50.0,0.16
29.0,0.0,41.0,0.91
28.0,1.0,53.0,-0.23
29.0,1.0,51.0,0.16
29.0,0.0,37.0,1.07
28.0,0.0,50.0,-0.02
41.0,3.0,46.0,-0.65
8.0,0.0,75.0,-1.81
71.0,0.0,45.0,-0.4
11.0,-1.0,36.0,2.28
27.0,0.0,40.0,0.51
27.0,4.0,44.0,-0.19
27.0,4.0,44.0,-0.11
18.0,3.0,44.0,-0.73
22.0,4.0,59.0,-0.9
22.0,3.0,50.0,0.34
25.0,4.0,48.0,0.17
25.0,3.0,40.0,0.04
25.0,2.0,44.0,-0.36
12.0,0.0,58.0,-1.83
15.0,1.0,46.0,-1.55
25.0,2.0,44.0,-0.31
25.0,2.0,44.0,-0.31
25.0,1.0,56.0,-1.17
18.0,2.0,55.0,-0.75
32.0,4.0,46.0,1.17
16.0,2.0,56.0,-1.09
103.0,7.0,26.0,1.69
102.0,5.0,27.0,1.94
42.0,10.0,38.0,1.3
31.0,5.0,45.0,1.07
71.0,6.0,32.0,2.38
16.0,1.0,62.0,-2.22
24.0,4.0,58.0,-0.69
13.0,3.0,53.0,-0.84
17.0,3.0,64.0,-1.34
49.0,5.0,38.0,2.1
51.0,5.0,37.0,2.39
59.0,3.0,30.0,2.4
14.0,2.0,50.0,-0.34
14.0,1.0,50.0,-0.59
24.0,3.0,41.0,1.06
22.0,2.0,36.0,3.04
74.0,0.0,33.0,2.05
39.0,7.0,38.0,1.43
41.0,8.0,39.0,1.67
92.0,5.0,39.0,1.56
10.0,-4.0,10.0,7.87
41.0,-2.0,17.0,5.19
68.0,1.0,8.0,6.4
63.0,0.0,11.0,5.59
25.0,3.0,48.0,0.19
22.0,2.0,36.0,0.51
45.0,10.0,40.0,1.97
45.0,9.0,40.0,2.13
31.0,3.0,16.0,6.36
82.0,-1.0,48.0,1.09
24.0,3.0,66.0,-0.54
24.0,4.0,66.0,-0.67
21.0,3.0,52.0,-1.26
21.0,3.0,52.0,-1.24
36.0,2.0,33.0,1.11
23.0,3.0,43.0,0.38
23.0,3.0,43.0,0.79
30.0,1.0,43.0,0.29
22.0,0.0,59.0,-0.86
23.0,-4.0,21.0,2.65
13.0,2.0,61.0,-1.86
13.0,2.0,61.0,-1.96
13.0,2.0,61.0,-2.11
37.0,5.0,48.0,0.66
31.0,4.0,45.0,0.8
24.0,4.0,58.0,-0.24
24.0,4.0,62.0,-0.87
24.0,3.0,54.0,-0.18
24.0,4.0,54.0,-0.15
24.0,4.0,62.0,-0.8
34.0,3.0,47.0,0.78
31.0,5.0,35.0,1.82
79.0,3.0,35.0,1.54
125.0,11.0,28.0,2.99
121.0,9.0,29.0,2.12
120.0,6.0,29.0,2.65
149.0,3.0,33.0,1.65
149.0,1.0,33.0,1.77
101.0,-1.0,32.0,2.3
128.0,16.0,32.0,2.16
70.0,7.0,52.0,-0.14
69.0,8.0,43.0,1.34
73.0,6.0,38.0,1.51
73.0,8.0,39.0,1.17
73.0,6.0,39.0,1.27
103.0,20.0,28.0,2.7
77.0,11.0,36.0,2.25
73.0,11.0,41.0,1.83
68.0,9.0,42.0,1.93
87.0,11.0,41.0,2.1
93.0,9.0,32.0,2.41
73.0,10.0,41.0,2.25
75.0,6.0,37.0,2.27
74.0,11.0,33.0,2.03
75.0,11.0,36.0,1.89
71.0,6.0,36.0,2.42
69.0,5.0,37.0,1.39
77.0,7.0,37.0,2.23
127.0,15.0,37.0,1.81
111.0,16.0,27.0,2.65
69.0,4.0,40.0,1.85
107.0,12.0,34.0,1.87
59.0,19.0,25.0,3.28
127.0,4.0,31.0,1.7
29.0,3.0,34.0,2.25
133.0,13.0,36.0,2.71
119.0,5.0,7.0,0.26
109.0,5.0,7.0,0.35
120.0,5.0,7.0,0.25
31.0,5.0,45.0,1.33
22.0,2.0,50.0,0.57
25.0,2.0,52.0,0.31
17.0,2.0,64.0,-1.57
24.0,4.0,54.0,-0.59
24.0,4.0,54.0,-0.89
33.0,4.0,45.0,1.11
33.0,4.0,42.0,1.23
37.0,5.0,48.0,0.53
28.0,3.0,46.0,1.13
28.0,3.0,50.0,0.3
24.0,4.0,66.0,-1.23
24.0,4.0,66.0,-1.23
19.0,3.0,57.0,-0.59
36.0,1.0,47.0,0.47
17.0,2.0,64.0,-2.3
42.0,0.0,33.0,0.82
98.0,11.0,23.0,1.71
38.0,2.0,42.0,1.2
19.0,3.0,42.0,1.41
63.0,1.0,36.0,1.65
14.0,2.0,50.0,-0.11
13.0,2.0,53.0,-0.05
13.0,2.0,61.0,-1.3
13.0,2.0,61.0,-1.58
75.0,1.0,25.0,1.91
75.0,6.0,26.0,2.14
95.0,4.0,23.0,2.51
101.0,-3.0,32.0,1.95
114.0,-5.0,42.0,0.78
121.0,-3.0,28.0,1.36
23.0,7.0,43.0,-0.34
25.0,7.0,44.0,2.62
22.0,7.0,50.0,0.51
21.0,3.0,47.0,0.48
23.0,1.0,43.0,-0.53
13.0,2.0,61.0,-2.22
32.0,2.0,40.0,1.63
13.0,4.0,53.0,0.38
31.0,2.0,45.0,0.43
22.0,6.0,36.0,0.9
95.0,10.0,35.0,2.22
95.0,9.0,37.0,1.98
98.0,9.0,39.0,1.62
101.0,9.0,35.0,1.95
50.0,5.0,48.0,1.2
97.0,10.0,37.0,1.88
65.0,6.0,43.0,1.4
95.0,9.0,35.0,2.28
95.0,9.0,35.0,2.28
99.0,2.0,39.0,1.49
80.0,2.0,36.0,2.41
81.0,-1.0,43.0,1.76
163.0,5.0,34.0,1.45
174.0,6.0,31.0,2.0
70.0,3.0,40.0,1.46
22.0,2.0,40.0,0.11
80.0,6.0,42.0,1.72
38.0,5.0,42.0,0.93
20.0,5.0,50.0,-0.13
69.0,14.0,39.0,1.48
21.0,0.0,57.0,0.02
22.0,1.0,40.0,0.11
17.0,3.0,64.0,-1.14
25.0,0.0,40.0,1.15
104.0,0.0,39.0,1.5
71.0,-1.0,29.0,2.9
38.0,9.0,42.0,1.79
92.0,1.0,33.0,1.39
25.0,4.0,44.0,0.62
28.0,1.0,42.0,0.76
16.0,1.0,62.0,-1.84
53.0,13.0,11.0,4.1
18.0,2.0,66.0,-1.74
18.0,2.0,61.0,-1.5
31.0,8.0,38.0,3.88
12.0,3.0,58.0,-0.6
25.0,6.0,52.0,0.51
25.0,6.0,52.0,0.88
43.0,0.0,32.0,3.58
35.0,-1.0,0.0,0.7
25.0,5.0,24.0,3.47
77.0,8.0,41.0,1.14
127.0,16.0,39.0,2.3
56.0,1.0,41.0,1.57
114.0,15.0,30.0,3.39
6.0,0.0,50.0,0.31
6.0,0.0,50.0,0.13
6.0,0.0,33.0,1.01
6.0,0.0,33.0,0.82
12.0,1.0,33.0,0.31
9.0,-1.0,44.0,3.29
137.0,3.0,36.0,2.38
37.0,3.0,37.0,1.48
18.0,-1.0,66.0,-0.68
19.0,5.0,52.0,0.91
19.0,5.0,52.0,0.92
19.0,5.0,57.0,0.63
9.0,3.0,55.0,-0.28
29.0,6.0,37.0,2.39
13.0,-3.0,15.0,3.48
10.0,6.0,20.0,2.86
61.0,4.0,39.0,1.78
133.0,8.0,12.0,-0.64
131.0,8.0,12.0,-0.64
50.0,-1.0,40.0,1.42
10.0,1.0,70.0,-3.12
16.0,5.0,43.0,0.88
21.0,5.0,47.0,1.24
34.0,6.0,44.0,1.34
14.0,1.0,50.0,-0.75
13.0,1.0,61.0,-1.63
13.0,1.0,53.0,-0.71
13.0,2.0,69.0,-1.16
13.0,2.0,61.0,-0.39
13.0,2.0,61.0,-0.98
38.0,1.0,50.0,0.19
35.0,-2.0,54.0,-0.68
21.0,0.0,57.0,0.02
13.0,2.0,61.0,-1.06
13.0,1.0,61.0,-2.18
30.0,3.0,50.0,0.23
43.0,5.0,32.0,2.47
73.0,-11.0,45.0,1.72
79.0,-4.0,40.0,1.32
24.0,7.0,45.0,1.61
59.0,0.0,62.0,-0.27
89.0,12.0,21.0,3.2
19.0,2.0,26.0,0.55
55.0,23.0,29.0,2.34
44.0,4.0,29.0,2.44
17.0,1.0,52.0,-1.12
17.0,1.0,58.0,-2.02
41.0,3.0,31.0,2.05
19.0,2.0,47.0,0.02
18.0,4.0,33.0,2.79
26.0,4.0,34.0,2.19
40.0,4.0,45.0,1.48
21.0,6.0,42.0,1.45
32.0,4.0,40.0,1.17
10.0,2.0,60.0,-1.27
79.0,6.0,35.0,2.52
57.0,5.0,26.0,2.9
70.0,6.0,51.0,0.0
53.0,6.0,54.0,-0.04
44.0,5.0,52.0,0.32
11.0,1.0,54.0,0.48
30.0,5.0,33.0,1.69
44.0,4.0,54.0,0.13
31.0,1.0,41.0,0.64
43.0,6.0,48.0,0.52
121.0,2.0,33.0,1.76
102.0,-1.0,39.0,1.22
155.0,14.0,23.0,-0.18
130.0,8.0,40.0,2.28
31.0,3.0,32.0,1.84
97.0,9.0,37.0,1.98
26.0,7.0,46.0,1.65
4.0,0.0,25.0,-1.69
13.0,1.0,61.0,-2.16
13.0,-1.0,46.0,1.17
23.0,3.0,65.0,-1.1
26.0,3.0,50.0,0.09
31.0,2.0,45.0,0.8
26.0,3.0,53.0,-0.24
31.0,2.0,41.0,0.54
16.0,1.0,56.0,0.76
30.0,2.0,43.0,0.69
23.0,4.0,56.0,0.03
17.0,2.0,64.0,-2.12
13.0,2.0,61.0,-2.03
13.0,2.0,61.0,-1.97
13.0,2.0,61.0,-1.7
37.0,4.0,51.0,0.42
30.0,2.0,50.0,0.21
24.0,3.0,66.0,-0.25
24.0,4.0,66.0,-0.67
33.0,3.0,48.0,0.81
33.0,2.0,51.0,-0.14
30.0,5.0,50.0,-0.22
27.0,4.0,44.0,0.55
27.0,4.0,48.0,0.09
24.0,3.0,50.0,-0.18
18.0,3.0,44.0,-0.41
23.0,3.0,39.0,0.54
25.0,3.0,44.0,-0.07
24.0,4.0,45.0,-0.06
25.0,3.0,44.0,-0.15
25.0,3.0,44.0,-0.11
25.0,3.0,48.0,-0.13
25.0,5.0,48.0,0.79
16.0,4.0,62.0,-0.86
22.0,3.0,59.0,-0.75
12.0,4.0,58.0,-0.41
12.0,4.0,58.0,-0.45
30.0,3.0,50.0,0.26
33.0,4.0,51.0,0.3
33.0,2.0,51.0,-0.02
47.0,8.0,36.0,1.22
37.0,5.0,48.0,0.45
31.0,4.0,45.0,1.85
13.0,2.0,69.0,-2.37
10.0,1.0,30.0,3.97
30.0,5.0,40.0,1.46
30.0,5.0,36.0,1.11
24.0,2.0,45.0,0.58
29.0,7.0,48.0,0.26
29.0,5.0,48.0,0.22
27.0,4.0,40.0,0.14
25.0,4.0,44.0,0.0
27.0,4.0,40.0,0.11
25.0,3.0,44.0,-0.19
23.0,4.0,47.0,-0.31
23.0,4.0,47.0,-0.12
24.0,4.0,50.0,-0.27
29.0,5.0,48.0,0.55
27.0,4.0,48.0,0.06
54.0,6.0,31.0,1.57
37.0,3.0,43.0,0.34
36.0,6.0,50.0,1.42
22.0,7.0,27.0,3.7
32.0,4.0,28.0,2.08
31.0,1.0,48.0,0.12
31.0,0.0,54.0,-0.19
31.0,1.0,45.0,0.22
30.0,3.0,36.0,1.09
43.0,-6.0,20.0,4.13
39.0,3.0,20.0,1.06
51.0,4.0,47.0,1.4
45.0,4.0,37.0,2.5
8.0,1.0,87.0,-2.97
13.0,1.0,53.0,-0.8
13.0,1.0,53.0,-0.9
10.0,-2.0,20.0,2.07
134.0,7.0,34.0,2.2
131.0,10.0,32.0,2.51
121.0,9.0,34.0,2.57
8.0,1.0,25.0,4.13
29.0,0.0,55.0,0.81
46.0,0.0,39.0,1.22
99.0,-2.0,31.0,2.31
7.0,1.0,14.0,1.84
10.0,0.0,40.0,-0.33
23.0,-2.0,8.0,0.6
13.0,4.0,38.0,0.73
20.0,2.0,50.0,-0.86
20.0,2.0,55.0,-1.08
42.0,0.0,14.0,0.12
13.0,3.0,23.0,3.66
22.0,-1.0,9.0,3.18
76.0,-1.0,35.0,2.03
40.0,10.0,37.0,2.33
14.0,4.0,64.0,-0.53
18.0,2.0,61.0,-1.49
17.0,1.0,64.0,-1.73
47.0,7.0,38.0,1.87
22.0,1.0,40.0,0.61
44.0,5.0,59.0,-0.04
31.0,2.0,61.0,-1.12
13.0,3.0,69.0,-0.65
14.0,3.0,64.0,-0.64
14.0,3.0,64.0,-0.83
14.0,3.0,64.0,-0.97
14.0,3.0,71.0,-1.12
13.0,2.0,61.0,0.53
13.0,1.0,61.0,-2.33
11.0,1.0,54.0,-1.86
12.0,2.0,50.0,-0.43
53.0,7.0,16.0,1.51
6.0,0.0,100.0,-3.82
44.0,9.0,31.0,4.03
16.0,2.0,50.0,-1.7
16.0,2.0,50.0,-1.43
16.0,3.0,43.0,3.13
28.0,4.0,25.0,5.3
7.0,-3.0,71.0,-1.17
7.0,-3.0,71.0,-1.17
7.0,-3.0,71.0,-1.17
2.0,-2.0,50.0,0.94
4.0,-1.0,75.0,-1.98
4.0,-2.0,75.0,-1.98
29.0,3.0,44.0,0.44
21.0,4.0,33.0,0.06
19.0,5.0,31.0,0.99
19.0,3.0,52.0,-0.54
58.0,6.0,36.0,2.11
17.0,3.0,47.0,0.13
18.0,3.0,55.0,-0.85
19.0,5.0,57.0,0.06
14.0,2.0,42.0,-0.1
14.0,5.0,28.0,2.59
31.0,-2.0,61.0,-0.23
21.0,-3.0,57.0,0.76
64.0,5.0,54.0,-0.43
57.0,0.0,50.0,0.24
106.0,5.0,35.0,0.9
76.0,1.0,27.0,1.28
41.0,0.0,48.0,0.5
26.0,5.0,57.0,-0.31
43.0,3.0,37.0,0.73
14.0,1.0,50.0,-0.75
13.0,-3.0,23.0,3.08
26.0,4.0,26.0,2.61
55.0,7.0,40.0,1.61
49.0,1.0,30.0,2.48
24.0,0.0,37.0,0.28
20.0,3.0,55.0,0.07
14.0,-1.0,71.0,-0.3
10.0,3.0,60.0,0.98
25.0,5.0,44.0,1.02
23.0,3.0,60.0,-1.0
23.0,3.0,60.0,-0.75
31.0,2.0,45.0,0.64
21.0,4.0,66.0,-0.78
65.0,7.0,38.0,1.42
5.0,0.0,20.0,0.07
9.0,1.0,66.0,-2.89
18.0,3.0,61.0,-1.24
16.0,3.0,56.0,-0.39
47.0,2.0,31.0,3.25
34.0,15.0,38.0,2.51
34.0,15.0,41.0,1.58
127.0,8.0,37.0,1.88
127.0,5.0,32.0,2.15
37.0,7.0,43.0,1.45
47.0,6.0,31.0,3.47
22.0,4.0,40.0,0.76
13.0,4.0,61.0,2.04
5.0,0.0,0.0,2.3
16.0,1.0,50.0,0.11
45.0,1.0,51.0,0.25
55.0,7.0,38.0,1.73
27.0,3.0,51.0,-0.34
66.0,10.0,31.0,2.19
22.0,6.0,45.0,1.63
40.0,0.0,40.0,1.5
14.0,0.0,50.0,0.56
57.0,6.0,38.0,2.26
6.0,0.0,16.0,3.31
98.0,2.0,39.0,1.52
95.0,-2.0,43.0,1.32
95.0,2.0,43.0,1.69
25.0,4.0,44.0,1.86
52.0,0.0,28.0,2.82
16.0,4.0,43.0,1.53
17.0,3.0,52.0,-0.93
23.0,3.0,43.0,0.19
10.0,-2.0,20.0,2.21
78.0,11.0,38.0,1.99
71.0,13.0,30.0,2.2
48.0,3.0,33.0,1.79
38.0,3.0,34.0,1.8
38.0,8.0,34.0,3.49
28.0,9.0,46.0,0.5
33.0,8.0,33.0,1.82
16.0,3.0,62.0,-2.27
17.0,2.0,64.0,-2.04
17.0,2.0,64.0,-2.03
24.0,4.0,54.0,-0.78
24.0,4.0,54.0,-0.7
24.0,4.0,54.0,-0.87
24.0,4.0,54.0,-0.31
33.0,3.0,45.0,0.25
35.0,4.0,42.0,0.74
13.0,2.0,61.0,-2.11
24.0,4.0,62.0,-0.84
24.0,4.0,62.0,-0.73
33.0,4.0,48.0,1.05
17.0,2.0,58.0,-0.7
31.0,4.0,45.0,0.66
29.0,3.0,51.0,0.43
29.0,4.0,51.0,0.33
37.0,5.0,48.0,0.54
33.0,4.0,51.0,-0.05
35.0,2.0,22.0,6.39
26.0,4.0,53.0,1.14
22.0,3.0,59.0,0.7
46.0,2.0,32.0,2.03
23.0,3.0,43.0,0.05
28.0,4.0,42.0,0.35
23.0,3.0,43.0,0.08
21.0,4.0,52.0,-0.76
28.0,4.0,39.0,0.38
28.0,3.0,39.0,0.43
14.0,1.0,64.0,-0.77
14.0,2.0,57.0,-0.5
27.0,4.0,44.0,-0.19
25.0,2.0,40.0,0.58
25.0,3.0,44.0,-0.21
25.0,3.0,40.0,0.43
21.0,4.0,57.0,-0.92
19.0,2.0,63.0,-0.86
19.0,2.0,63.0,-0.74
40.0,2.0,32.0,2.44
39.0,3.0,25.0,2.99
40.0,5.0,40.0,1.43
40.0,3.0,42.0,2.17
40.0,5.0,42.0,1.57
40.0,5.0,42.0,1.63
40.0,5.0,42.0,1.59
40.0,5.0,42.0,1.37
40.0,3.0,45.0,1.48
34.0,6.0,50.0,1.61
34.0,5.0,38.0,2.18
32.0,5.0,43.0,1.73
47.0,7.0,29.0,2.19
60.0,5.0,43.0,1.02
63.0,8.0,44.0,1.32
39.0,3.0,30.0,2.25
43.0,7.0,46.0,1.05
42.0,7.0,45.0,1.12
49.0,0.0,26.0,2.8
25.0,4.0,32.0,2.85
16.0,4.0,37.0,1.16
35.0,4.0,45.0,1.02
19.0,0.0,47.0,1.53
63.0,12.0,39.0,2.31
68.0,6.0,58.0,0.04
41.0,2.0,36.0,1.04
51.0,5.0,39.0,1.83
52.0,6.0,40.0,1.95
26.0,-1.0,42.0,0.88
18.0,-2.0,55.0,0.35
20.0,-1.0,50.0,0.43
20.0,1.0,55.0,-1.16
50.0,-5.0,40.0,1.0
44.0,-2.0,54.0,0.2
102.0,-1.0,27.0,2.87
17.0,1.0,58.0,-1.5
60.0,6.0,25.0,2.93
40.0,0.0,17.0,3.35
124.0,15.0,31.0,2.49
71.0,8.0,23.0,2.32
53.0,6.0,22.0,3.02
38.0,5.0,26.0,4.05
32.0,4.0,31.0,4.33
66.0,8.0,21.0,2.42
50.0,8.0,22.0,2.35
40.0,2.0,52.0,-0.4
14.0,4.0,50.0,0.63
30.0,6.0,30.0,2.55
20.0,5.0,40.0,1.4
61.0,2.0,37.0,1.34
64.0,6.0,34.0,2.09
66.0,4.0,36.0,1.6
40.0,6.0,50.0,1.72
43.0,6.0,41.0,1.19
24.0,4.0,50.0,-0.02
13.0,1.0,53.0,-0.54
76.0,6.0,38.0,1.5
33.0,3.0,48.0,0.87
28.0,5.0,39.0,1.86
25.0,6.0,52.0,0.02
10.0,0.0,30.0,1.16
60.0,7.0,33.0,1.95
108.0,11.0,34.0,1.79
31.0,1.0,19.0,5.21
13.0,1.0,69.0,-2.01
72.0,4.0,36.0,1.62
76.0,7.0,40.0,1.51
58.0,6.0,39.0,1.6
19.0,3.0,63.0,-0.9
23.0,4.0,60.0,-0.44
22.0,4.0,59.0,-0.33
23.0,4.0,65.0,-0.98
21.0,3.0,66.0,-0.47
30.0,12.0,43.0,2.28
13.0,5.0,53.0,-0.51
31.0,1.0,48.0,-0.21
6.0,0.0,66.0,-1.89
6.0,0.0,66.0,-1.75
6.0,0.0,66.0,-1.75
6.0,0.0,66.0,-1.89
6.0,1.0,66.0,-0.81
6.0,1.0,66.0,-0.67
6.0,0.0,66.0,-1.75
65.0,6.0,41.0,2.7
37.0,10.0,24.0,3.44
38.0,0.0,50.0,-0.43
68.0,-2.0,48.0,-0.21
13.0,2.0,53.0,-0.29
64.0,5.0,54.0,-0.66
35.0,2.0,34.0,0.67
42.0,1.0,42.0,0.47
42.0,1.0,42.0,0.49
42.0,2.0,42.0,0.47
38.0,9.0,34.0,2.7
37.0,8.0,37.0,2.36
38.0,7.0,31.0,2.22
52.0,7.0,34.0,2.74
38.0,6.0,31.0,2.49
25.0,3.0,36.0,2.63
17.0,1.0,58.0,-0.14
14.0,3.0,71.0,-1.31
14.0,2.0,64.0,-2.06
25.0,3.0,52.0,-0.04
32.0,2.0,43.0,0.61
32.0,3.0,43.0,0.93
35.0,0.0,17.0,1.18
70.0,4.0,14.0,3.14
19.0,3.0,63.0,-1.45
25.0,4.0,44.0,0.02
41.0,-2.0,53.0,0.31
10.0,1.0,50.0,-0.52
21.0,2.0,52.0,-1.01
21.0,2.0,52.0,-1.45
24.0,4.0,62.0,-0.14
25.0,1.0,60.0,-0.77
24.0,1.0,62.0,0.16
33.0,2.0,45.0,1.1
24.0,4.0,58.0,-0.18
24.0,3.0,66.0,-0.63
46.0,5.0,43.0,0.6
46.0,5.0,43.0,0.76
46.0,6.0,43.0,1.08
43.0,3.0,37.0,1.9
43.0,3.0,37.0,2.06
114.0,11.0,22.0,1.37
34.0,9.0,47.0,1.15
12.0,0.0,41.0,0.87
14.0,0.0,42.0,0.86
11.0,1.0,36.0,2.29
91.0,5.0,30.0,1.25
34.0,10.0,38.0,3.84
35.0,1.0,45.0,1.02
93.0,-9.0,34.0,1.93
20.0,7.0,50.0,2.35
43.0,1.0,34.0,1.51
24.0,0.0,45.0,-0.26
39.0,4.0,38.0,1.62
35.0,5.0,40.0,0.94
87.0,12.0,37.0,2.09
